id,persistent_id,camera_id,track_id,confidence,frame_id,in_geo_fence,fence_id,fence_name,timestamp,bbox_x,bbox_y,bbox_width,bbox_height
36947,3,CAM002,16,2.0042142707186223,1080,True,ce474060-0953-4f27-b37e-72372098e3e5,Westbound,2026-05-14 09:40:40.360833,223.0,203.0,57.0,154.0
36946,6,CAM001,31,1.8873125967991795,900,True,b604818f-3395-4506-add4-ed6dca0ef4a6,Eastbound,2026-05-14 09:40:39.055598,514.0,150.0,37.0,96.0
36945,4,CAM001,25,1.955852179782675,900,True,b604818f-3395-4506-add4-ed6dca0ef4a6,Eastbound,2026-05-14 09:40:39.053077,435.0,148.0,52.0,114.0
36944,2,CAM001,23,1.665462403796835,900,True,b604818f-3395-4506-add4-ed6dca0ef4a6,Eastbound,2026-05-14 09:40:39.049080,506.0,149.0,51.0,146.0
36943,1,CAM001,21,2.035438360362277,900,True,b604818f-3395-4506-add4-ed6dca0ef4a6,Eastbound,2026-05-14 09:40:39.045078,324.0,141.0,68.0,114.0
36942,3,CAM001,12,1.5883639186217622,900,True,b604818f-3395-4506-add4-ed6dca0ef4a6,Eastbound,2026-05-14 09:40:39.040011,383.0,151.0,51.0,134.0
36941,3,CAM002,16,1.7398503516117563,1068,True,ce474060-0953-4f27-b37e-72372098e3e5,Westbound,2026-05-14 09:40:37.602305,224.0,201.0,58.0,158.0
36940,2,CAM002,16,2.0703309082298182,1056,True,ce474060-0953-4f27-b37e-72372098e3e5,Westbound,2026-05-14 09:40:35.278613,223.0,202.0,57.0,157.0
36939,4,CAM001,25,2.0586616762312464,888,True,b604818f-3395-4506-add4-ed6dca0ef4a6,Eastbound,2026-05-14 09:40:33.946007,432.0,148.0,58.0,127.0
36938,1,CAM001,21,2.041172406310993,888,True,b604818f-3395-4506-add4-ed6dca0ef4a6,Eastbound,2026-05-14 09:40:33.942998,322.0,139.0,69.0,118.0
36937,3,CAM001,12,2.0390179568974314,888,True,b604818f-3395-4506-add4-ed6dca0ef4a6,Eastbound,2026-05-14 09:40:33.938482,381.0,149.0,51.0,136.0
36936,2,CAM002,16,1.98739453278604,1044,True,ce474060-0953-4f27-b37e-72372098e3e5,Westbound,2026-05-14 09:40:31.988235,222.0,201.0,60.0,158.0
36935,4,CAM001,25,2.056413116084046,876,True,b604818f-3395-4506-add4-ed6dca0ef4a6,Eastbound,2026-05-14 09:40:30.524524,432.0,147.0,57.0,127.0
36934,1,CAM001,21,2.0684180539377746,876,True,b604818f-3395-4506-add4-ed6dca0ef4a6,Eastbound,2026-05-14 09:40:30.521187,324.0,141.0,66.0,114.0
36933,3,CAM001,12,1.8324523427929131,876,True,b604818f-3395-4506-add4-ed6dca0ef4a6,Eastbound,2026-05-14 09:40:30.515186,382.0,151.0,50.0,133.0
36932,3,CAM002,16,1.5470613788308074,1032,True,ce474060-0953-4f27-b37e-72372098e3e5,Westbound,2026-05-14 09:40:29.643085,223.0,201.0,62.0,158.0
36931,6,CAM001,31,1.8679267667244184,864,True,b604818f-3395-4506-add4-ed6dca0ef4a6,Eastbound,2026-05-14 09:40:26.721742,514.0,153.0,33.0,96.0
36930,4,CAM001,25,2.058057024148729,864,True,b604818f-3395-4506-add4-ed6dca0ef4a6,Eastbound,2026-05-14 09:40:26.718739,431.0,147.0,59.0,132.0
36929,1,CAM001,21,1.9874418460790622,864,True,b604818f-3395-4506-add4-ed6dca0ef4a6,Eastbound,2026-05-14 09:40:26.715740,323.0,136.0,64.0,122.0
36928,3,CAM001,12,1.7317535441330185,864,True,b604818f-3395-4506-add4-ed6dca0ef4a6,Eastbound,2026-05-14 09:40:26.712222,380.0,148.0,51.0,137.0
36927,3,CAM002,16,1.5172762349613085,1020,True,ce474060-0953-4f27-b37e-72372098e3e5,Westbound,2026-05-14 09:40:26.146188,226.0,201.0,62.0,157.0
36926,2,CAM002,20,1.9549679268028133,1008,True,ce474060-0953-4f27-b37e-72372098e3e5,Westbound,2026-05-14 09:40:23.191199,409.0,187.0,34.0,68.0
36925,3,CAM002,16,2.0517635311455833,1008,True,ce474060-0953-4f27-b37e-72372098e3e5,Westbound,2026-05-14 09:40:23.185190,227.0,201.0,59.0,154.0
36924,4,CAM001,25,2.017662395689717,852,True,b604818f-3395-4506-add4-ed6dca0ef4a6,Eastbound,2026-05-14 09:40:21.500501,431.0,147.0,59.0,133.0
36923,1,CAM001,21,2.0683005252200344,852,True,b604818f-3395-4506-add4-ed6dca0ef4a6,Eastbound,2026-05-14 09:40:21.496500,322.0,136.0,65.0,117.0
36922,2,CAM001,12,2.0670740174313202,852,True,b604818f-3395-4506-add4-ed6dca0ef4a6,Eastbound,2026-05-14 09:40:21.490949,379.0,150.0,52.0,134.0
36921,3,CAM002,16,1.9910088041686995,996,True,ce474060-0953-4f27-b37e-72372098e3e5,Westbound,2026-05-14 09:40:20.145991,219.0,202.0,61.0,157.0
36920,4,CAM001,25,2.0688551855941792,840,True,b604818f-3395-4506-add4-ed6dca0ef4a6,Eastbound,2026-05-14 09:40:18.036687,431.0,146.0,58.0,134.0
36919,1,CAM001,21,2.065051740194857,840,True,b604818f-3395-4506-add4-ed6dca0ef4a6,Eastbound,2026-05-14 09:40:18.030156,323.0,137.0,64.0,117.0
36918,2,CAM001,12,2.024293391711123,840,True,b604818f-3395-4506-add4-ed6dca0ef4a6,Eastbound,2026-05-14 09:40:18.024153,379.0,151.0,50.0,133.0
36917,3,CAM002,16,2.0605478854393837,984,True,ce474060-0953-4f27-b37e-72372098e3e5,Westbound,2026-05-14 09:40:15.956275,215.0,203.0,61.0,154.0
36916,4,CAM001,25,2.062500886636933,828,True,b604818f-3395-4506-add4-ed6dca0ef4a6,Eastbound,2026-05-14 09:40:14.040112,431.0,145.0,59.0,135.0
36915,1,CAM001,21,2.069522550038633,828,True,b604818f-3395-4506-add4-ed6dca0ef4a6,Eastbound,2026-05-14 09:40:14.036099,322.0,136.0,65.0,121.0
36914,2,CAM001,12,2.0704036592234205,828,True,b604818f-3395-4506-add4-ed6dca0ef4a6,Eastbound,2026-05-14 09:40:14.031560,380.0,152.0,48.0,132.0
36913,3,CAM002,16,2.035323517967622,972,True,ce474060-0953-4f27-b37e-72372098e3e5,Westbound,2026-05-14 09:40:12.557861,216.0,206.0,60.0,151.0
36912,4,CAM001,25,2.038468987233394,816,True,b604818f-3395-4506-add4-ed6dca0ef4a6,Eastbound,2026-05-14 09:40:10.479718,433.0,147.0,57.0,135.0
36911,1,CAM001,21,2.034809110944838,816,True,b604818f-3395-4506-add4-ed6dca0ef4a6,Eastbound,2026-05-14 09:40:10.476116,322.0,137.0,65.0,122.0
36910,2,CAM001,12,2.0268875566403146,816,True,b604818f-3395-4506-add4-ed6dca0ef4a6,Eastbound,2026-05-14 09:40:10.471577,380.0,151.0,46.0,132.0
36909,3,CAM002,16,2.0471006878574887,960,True,ce474060-0953-4f27-b37e-72372098e3e5,Westbound,2026-05-14 09:40:09.123317,218.0,206.0,58.0,151.0
36908,4,CAM001,25,2.084115631377721,804,True,b604818f-3395-4506-add4-ed6dca0ef4a6,Eastbound,2026-05-14 09:40:06.689745,433.0,147.0,58.0,136.0
36907,1,CAM001,21,2.0636401862017366,804,True,b604818f-3395-4506-add4-ed6dca0ef4a6,Eastbound,2026-05-14 09:40:06.687320,324.0,138.0,64.0,116.0
36906,2,CAM001,12,1.986417013549537,804,True,b604818f-3395-4506-add4-ed6dca0ef4a6,Eastbound,2026-05-14 09:40:06.684320,379.0,150.0,47.0,133.0
36905,3,CAM002,16,2.0570731077839137,948,True,ce474060-0953-4f27-b37e-72372098e3e5,Westbound,2026-05-14 09:40:05.433793,218.0,206.0,61.0,152.0
36904,4,CAM001,25,2.0501885718526514,792,True,b604818f-3395-4506-add4-ed6dca0ef4a6,Eastbound,2026-05-14 09:40:03.681012,433.0,147.0,58.0,136.0
36903,1,CAM001,21,1.98879293836875,792,True,b604818f-3395-4506-add4-ed6dca0ef4a6,Eastbound,2026-05-14 09:40:03.679012,323.0,137.0,64.0,120.0
36902,2,CAM001,12,2.0527529554209534,792,True,b604818f-3395-4506-add4-ed6dca0ef4a6,Eastbound,2026-05-14 09:40:03.674012,378.0,150.0,50.0,135.0
36901,3,CAM002,16,1.990050046958865,936,True,ce474060-0953-4f27-b37e-72372098e3e5,Westbound,2026-05-14 09:40:02.469142,218.0,204.0,63.0,154.0
36900,4,CAM001,25,2.0343689169496155,780,True,b604818f-3395-4506-add4-ed6dca0ef4a6,Eastbound,2026-05-14 09:40:00.541642,433.0,149.0,59.0,132.0
36899,2,CAM001,12,1.788692473137167,780,True,b604818f-3395-4506-add4-ed6dca0ef4a6,Eastbound,2026-05-14 09:40:00.536641,378.0,152.0,53.0,133.0
36898,2,CAM002,16,1.5957941303438634,924,True,ce474060-0953-4f27-b37e-72372098e3e5,Westbound,2026-05-14 09:39:58.844263,225.0,201.0,57.0,156.0
36897,4,CAM001,25,2.0007358766482137,768,True,b604818f-3395-4506-add4-ed6dca0ef4a6,Eastbound,2026-05-14 09:39:56.977866,432.0,146.0,61.0,127.0
36896,3,CAM001,21,1.953490919295137,768,True,b604818f-3395-4506-add4-ed6dca0ef4a6,Eastbound,2026-05-14 09:39:56.974865,363.0,139.0,32.0,66.0
36895,2,CAM001,12,1.815025702437808,768,True,b604818f-3395-4506-add4-ed6dca0ef4a6,Eastbound,2026-05-14 09:39:56.971343,381.0,152.0,53.0,133.0
36894,1,CAM001,3,2.0418267442266287,768,True,b604818f-3395-4506-add4-ed6dca0ef4a6,Eastbound,2026-05-14 09:39:56.967348,320.0,139.0,69.0,115.0
36893,2,CAM002,16,1.541399660120665,912,True,ce474060-0953-4f27-b37e-72372098e3e5,Westbound,2026-05-14 09:39:55.582936,228.0,199.0,56.0,158.0
36892,4,CAM001,25,2.014997962469831,756,True,b604818f-3395-4506-add4-ed6dca0ef4a6,Eastbound,2026-05-14 09:39:53.590508,435.0,146.0,53.0,105.0
36891,3,CAM001,21,2.0528194074942823,756,True,b604818f-3395-4506-add4-ed6dca0ef4a6,Eastbound,2026-05-14 09:39:53.586508,360.0,139.0,34.0,70.0
36890,2,CAM001,12,1.8147113577721998,756,True,b604818f-3395-4506-add4-ed6dca0ef4a6,Eastbound,2026-05-14 09:39:53.584507,383.0,151.0,52.0,132.0
36889,1,CAM001,3,1.970560361377708,756,True,b604818f-3395-4506-add4-ed6dca0ef4a6,Eastbound,2026-05-14 09:39:53.580021,315.0,137.0,73.0,119.0
36888,2,CAM002,16,1.5862824248274965,900,True,ce474060-0953-4f27-b37e-72372098e3e5,Westbound,2026-05-14 09:39:52.191351,227.0,200.0,56.0,158.0
36887,4,CAM001,25,2.006070006483469,744,True,b604818f-3395-4506-add4-ed6dca0ef4a6,Eastbound,2026-05-14 09:39:49.645639,428.0,146.0,62.0,128.0
36886,3,CAM001,21,1.726739725791285,744,True,b604818f-3395-4506-add4-ed6dca0ef4a6,Eastbound,2026-05-14 09:39:49.642117,355.0,139.0,38.0,77.0
36885,2,CAM001,12,1.833251827744183,744,True,b604818f-3395-4506-add4-ed6dca0ef4a6,Eastbound,2026-05-14 09:39:49.638711,378.0,149.0,54.0,134.0
36884,1,CAM001,3,1.9937512082902853,744,True,b604818f-3395-4506-add4-ed6dca0ef4a6,Eastbound,2026-05-14 09:39:49.632173,312.0,140.0,72.0,115.0
36883,2,CAM002,16,1.651587653319106,888,True,ce474060-0953-4f27-b37e-72372098e3e5,Westbound,2026-05-14 09:39:48.283876,227.0,199.0,56.0,159.0
36882,4,CAM001,25,1.9955041090695385,732,True,b604818f-3395-4506-add4-ed6dca0ef4a6,Eastbound,2026-05-14 09:39:45.842129,437.0,147.0,51.0,106.0
36881,2,CAM001,12,1.8325540943173053,732,True,b604818f-3395-4506-add4-ed6dca0ef4a6,Eastbound,2026-05-14 09:39:45.839134,381.0,149.0,52.0,134.0
36880,1,CAM001,3,2.0334134507222745,732,True,b604818f-3395-4506-add4-ed6dca0ef4a6,Eastbound,2026-05-14 09:39:45.836127,313.0,139.0,70.0,115.0
36879,3,CAM001,1,1.8955332130513485,732,True,b604818f-3395-4506-add4-ed6dca0ef4a6,Eastbound,2026-05-14 09:39:45.831609,448.0,148.0,54.0,137.0
36878,2,CAM002,16,1.4998502001370968,876,True,ce474060-0953-4f27-b37e-72372098e3e5,Westbound,2026-05-14 09:39:44.539345,227.0,203.0,59.0,155.0
36877,4,CAM001,25,1.9078175813326195,720,True,b604818f-3395-4506-add4-ed6dca0ef4a6,Eastbound,2026-05-14 09:39:42.508051,444.0,149.0,48.0,106.0
36876,2,CAM001,12,2.052681409089404,720,True,b604818f-3395-4506-add4-ed6dca0ef4a6,Eastbound,2026-05-14 09:39:42.505051,381.0,149.0,52.0,135.0
36875,1,CAM001,3,2.072073796116753,720,True,b604818f-3395-4506-add4-ed6dca0ef4a6,Eastbound,2026-05-14 09:39:42.498518,315.0,139.0,68.0,115.0
36874,3,CAM002,19,1.9289744839060439,864,True,ce474060-0953-4f27-b37e-72372098e3e5,Westbound,2026-05-14 09:39:40.928814,211.0,207.0,32.0,110.0
36873,2,CAM002,16,1.6474215189515777,864,True,ce474060-0953-4f27-b37e-72372098e3e5,Westbound,2026-05-14 09:39:40.922289,229.0,199.0,59.0,159.0
36872,3,CAM001,28,2.0419688629830386,708,True,b604818f-3395-4506-add4-ed6dca0ef4a6,Eastbound,2026-05-14 09:39:39.066243,357.0,139.0,35.0,71.0
36871,4,CAM001,25,2.054004438048688,708,True,b604818f-3395-4506-add4-ed6dca0ef4a6,Eastbound,2026-05-14 09:39:39.061705,441.0,151.0,57.0,128.0
36870,2,CAM001,12,1.802712655134309,708,True,b604818f-3395-4506-add4-ed6dca0ef4a6,Eastbound,2026-05-14 09:39:39.057701,381.0,149.0,53.0,134.0
36869,1,CAM001,3,2.034928037496066,708,True,b604818f-3395-4506-add4-ed6dca0ef4a6,Eastbound,2026-05-14 09:39:39.052181,315.0,139.0,67.0,115.0
36868,2,CAM002,16,1.6280270943706758,852,True,ce474060-0953-4f27-b37e-72372098e3e5,Westbound,2026-05-14 09:39:37.790124,224.0,202.0,60.0,154.0
36867,3,CAM001,28,1.3220473873515848,696,True,b604818f-3395-4506-add4-ed6dca0ef4a6,Eastbound,2026-05-14 09:39:35.830208,358.0,139.0,35.0,69.0
36866,4,CAM001,25,2.0155854766342816,696,True,b604818f-3395-4506-add4-ed6dca0ef4a6,Eastbound,2026-05-14 09:39:35.827205,436.0,153.0,59.0,131.0
36865,2,CAM001,12,1.8027134053309646,696,True,b604818f-3395-4506-add4-ed6dca0ef4a6,Eastbound,2026-05-14 09:39:35.825195,381.0,149.0,52.0,136.0
36864,1,CAM001,3,2.0634632142844316,696,True,b604818f-3395-4506-add4-ed6dca0ef4a6,Eastbound,2026-05-14 09:39:35.820662,320.0,141.0,64.0,110.0
36863,2,CAM002,16,1.587998265287978,840,True,ce474060-0953-4f27-b37e-72372098e3e5,Westbound,2026-05-14 09:39:34.540877,218.0,201.0,63.0,156.0
36862,2,CAM001,12,1.7154020468387778,684,True,b604818f-3395-4506-add4-ed6dca0ef4a6,Eastbound,2026-05-14 09:39:32.255305,383.0,149.0,50.0,134.0
36861,1,CAM001,3,2.0127091739308858,684,True,b604818f-3395-4506-add4-ed6dca0ef4a6,Eastbound,2026-05-14 09:39:32.250784,323.0,138.0,65.0,115.0
36860,4,CAM002,18,1.8854182118590967,828,True,ce474060-0953-4f27-b37e-72372098e3e5,Westbound,2026-05-14 09:39:31.171943,413.0,186.0,37.0,94.0
36859,2,CAM002,16,2.0247532881808987,828,True,ce474060-0953-4f27-b37e-72372098e3e5,Westbound,2026-05-14 09:39:31.167940,218.0,201.0,67.0,157.0
36858,2,CAM001,25,1.584689897534392,672,True,b604818f-3395-4506-add4-ed6dca0ef4a6,Eastbound,2026-05-14 09:39:29.301734,425.0,147.0,53.0,142.0
36857,4,CAM001,12,1.9038699749586045,672,True,b604818f-3395-4506-add4-ed6dca0ef4a6,Eastbound,2026-05-14 09:39:29.298733,384.0,149.0,49.0,134.0
36856,1,CAM001,3,2.0286239563914767,672,True,b604818f-3395-4506-add4-ed6dca0ef4a6,Eastbound,2026-05-14 09:39:29.294729,325.0,138.0,65.0,118.0
36855,4,CAM002,18,1.9200196612023115,816,True,ce474060-0953-4f27-b37e-72372098e3e5,Westbound,2026-05-14 09:39:28.270846,412.0,187.0,35.0,93.0
36854,2,CAM002,16,1.5865250754517537,816,True,ce474060-0953-4f27-b37e-72372098e3e5,Westbound,2026-05-14 09:39:28.264848,222.0,201.0,62.0,158.0
36853,4,CAM001,12,1.9003543633872533,660,True,b604818f-3395-4506-add4-ed6dca0ef4a6,Eastbound,2026-05-14 09:39:26.035372,385.0,149.0,47.0,134.0
36852,1,CAM001,3,2.017192971682535,660,True,b604818f-3395-4506-add4-ed6dca0ef4a6,Eastbound,2026-05-14 09:39:26.029839,324.0,138.0,67.0,119.0
36851,4,CAM002,18,1.9112448517965266,804,True,ce474060-0953-4f27-b37e-72372098e3e5,Westbound,2026-05-14 09:39:24.643252,411.0,186.0,37.0,94.0
36850,2,CAM002,16,2.0619031797866425,804,True,ce474060-0953-4f27-b37e-72372098e3e5,Westbound,2026-05-14 09:39:24.638222,226.0,203.0,57.0,154.0
36849,4,CAM001,12,1.9103870399800205,648,True,b604818f-3395-4506-add4-ed6dca0ef4a6,Eastbound,2026-05-14 09:39:22.817924,389.0,149.0,44.0,134.0
36848,1,CAM001,3,2.045137794737002,648,True,b604818f-3395-4506-add4-ed6dca0ef4a6,Eastbound,2026-05-14 09:39:22.813923,324.0,139.0,67.0,122.0
36847,4,CAM002,18,1.9084994761965548,792,True,ce474060-0953-4f27-b37e-72372098e3e5,Westbound,2026-05-14 09:39:21.812955,412.0,188.0,35.0,91.0
36846,2,CAM002,16,2.0116907738272274,792,True,ce474060-0953-4f27-b37e-72372098e3e5,Westbound,2026-05-14 09:39:21.806437,223.0,203.0,58.0,154.0
36845,6,CAM001,25,1.9170559039494497,636,True,b604818f-3395-4506-add4-ed6dca0ef4a6,Eastbound,2026-05-14 09:39:19.834943,511.0,151.0,32.0,100.0
36844,4,CAM001,12,1.9105376873501547,636,True,b604818f-3395-4506-add4-ed6dca0ef4a6,Eastbound,2026-05-14 09:39:19.829404,389.0,151.0,44.0,133.0
36843,1,CAM001,3,2.0219441742248607,636,True,b604818f-3395-4506-add4-ed6dca0ef4a6,Eastbound,2026-05-14 09:39:19.826446,325.0,139.0,66.0,120.0
36842,4,CAM002,18,1.8874686510422662,780,True,ce474060-0953-4f27-b37e-72372098e3e5,Westbound,2026-05-14 09:39:18.756516,412.0,186.0,35.0,91.0
36841,2,CAM002,16,2.003184233403786,780,True,ce474060-0953-4f27-b37e-72372098e3e5,Westbound,2026-05-14 09:39:18.750987,222.0,203.0,58.0,153.0
36840,3,CAM001,22,1.9749706789126569,624,True,b604818f-3395-4506-add4-ed6dca0ef4a6,Eastbound,2026-05-14 09:39:15.575297,302.0,160.0,72.0,138.0
36839,2,CAM001,20,1.7019741214051758,624,True,b604818f-3395-4506-add4-ed6dca0ef4a6,Eastbound,2026-05-14 09:39:15.570756,336.0,166.0,50.0,121.0
36838,4,CAM001,12,1.8160213493963386,624,True,b604818f-3395-4506-add4-ed6dca0ef4a6,Eastbound,2026-05-14 09:39:15.567757,387.0,151.0,46.0,133.0
36837,1,CAM001,3,2.0469146786311248,624,True,b604818f-3395-4506-add4-ed6dca0ef4a6,Eastbound,2026-05-14 09:39:15.563214,326.0,144.0,65.0,114.0
36836,2,CAM002,18,1.8800230746319395,768,True,ce474060-0953-4f27-b37e-72372098e3e5,Westbound,2026-05-14 09:39:14.061003,412.0,187.0,34.0,90.0
36835,4,CAM002,16,1.5756651951332927,768,True,ce474060-0953-4f27-b37e-72372098e3e5,Westbound,2026-05-14 09:39:14.057006,224.0,203.0,56.0,153.0
36834,3,CAM001,20,1.6003682531419767,612,True,b604818f-3395-4506-add4-ed6dca0ef4a6,Eastbound,2026-05-14 09:39:11.985343,422.0,146.0,55.0,136.0
36833,4,CAM001,12,1.6805918113473688,612,True,b604818f-3395-4506-add4-ed6dca0ef4a6,Eastbound,2026-05-14 09:39:11.982218,387.0,151.0,47.0,133.0
36832,1,CAM001,3,2.02217277465124,612,True,b604818f-3395-4506-add4-ed6dca0ef4a6,Eastbound,2026-05-14 09:39:11.980218,325.0,144.0,66.0,117.0
36831,2,CAM002,18,1.6904670566905204,756,True,ce474060-0953-4f27-b37e-72372098e3e5,Westbound,2026-05-14 09:39:10.884156,413.0,186.0,32.0,92.0
36830,4,CAM002,16,2.068046999704915,756,True,ce474060-0953-4f27-b37e-72372098e3e5,Westbound,2026-05-14 09:39:10.878824,224.0,203.0,57.0,153.0
36829,3,CAM001,21,1.6604280791886743,600,True,b604818f-3395-4506-add4-ed6dca0ef4a6,Eastbound,2026-05-14 09:39:08.219161,304.0,128.0,46.0,119.0
36828,2,CAM001,12,1.7935969316406877,600,True,b604818f-3395-4506-add4-ed6dca0ef4a6,Eastbound,2026-05-14 09:39:08.216170,386.0,151.0,47.0,133.0
36827,1,CAM001,3,1.9735798689094421,600,True,b604818f-3395-4506-add4-ed6dca0ef4a6,Eastbound,2026-05-14 09:39:08.211640,325.0,142.0,66.0,120.0
36826,4,CAM002,16,1.5193869424443878,744,True,ce474060-0953-4f27-b37e-72372098e3e5,Westbound,2026-05-14 09:39:07.713087,222.0,202.0,59.0,157.0
36825,4,CAM002,16,1.5434147457546112,732,True,ce474060-0953-4f27-b37e-72372098e3e5,Westbound,2026-05-14 09:39:04.736353,220.0,202.0,60.0,157.0
36824,2,CAM001,21,1.9399941563966734,588,True,b604818f-3395-4506-add4-ed6dca0ef4a6,Eastbound,2026-05-14 09:39:04.616869,431.0,147.0,53.0,133.0
36823,3,CAM001,20,1.1823998986520081,588,True,b604818f-3395-4506-add4-ed6dca0ef4a6,Eastbound,2026-05-14 09:39:04.613855,515.0,139.0,50.0,135.0
36822,4,CAM001,12,1.6916740566385922,588,True,b604818f-3395-4506-add4-ed6dca0ef4a6,Eastbound,2026-05-14 09:39:04.609331,384.0,147.0,51.0,138.0
36821,1,CAM001,3,1.9960882366446413,588,True,b604818f-3395-4506-add4-ed6dca0ef4a6,Eastbound,2026-05-14 09:39:04.606331,322.0,139.0,68.0,120.0
36820,4,CAM002,16,1.7319630586376127,720,True,ce474060-0953-4f27-b37e-72372098e3e5,Westbound,2026-05-14 09:39:01.813934,219.0,203.0,61.0,154.0
36819,2,CAM001,21,1.680811706920346,576,True,b604818f-3395-4506-add4-ed6dca0ef4a6,Eastbound,2026-05-14 09:39:01.669231,445.0,147.0,33.0,136.0
36818,1,CAM001,3,2.05429533311535,576,True,b604818f-3395-4506-add4-ed6dca0ef4a6,Eastbound,2026-05-14 09:39:01.664216,325.0,140.0,66.0,114.0
36817,4,CAM001,14,1.970135552219048,564,True,b604818f-3395-4506-add4-ed6dca0ef4a6,Eastbound,2026-05-14 09:38:58.126174,391.0,152.0,42.0,132.0
36816,1,CAM001,3,2.021711408612188,564,True,b604818f-3395-4506-add4-ed6dca0ef4a6,Eastbound,2026-05-14 09:38:58.123152,322.0,138.0,72.0,122.0
36815,2,CAM002,16,2.028376584117269,708,True,ce474060-0953-4f27-b37e-72372098e3e5,Westbound,2026-05-14 09:38:58.106071,214.0,204.0,67.0,155.0
36814,2,CAM002,16,2.0684495314027815,696,True,ce474060-0953-4f27-b37e-72372098e3e5,Westbound,2026-05-14 09:38:54.966286,214.0,206.0,66.0,152.0
36813,4,CAM001,14,2.0271197011918245,552,True,b604818f-3395-4506-add4-ed6dca0ef4a6,Eastbound,2026-05-14 09:38:54.821128,391.0,150.0,43.0,133.0
36812,1,CAM001,3,2.0657891104263597,552,True,b604818f-3395-4506-add4-ed6dca0ef4a6,Eastbound,2026-05-14 09:38:54.818126,324.0,137.0,71.0,122.0
36811,4,CAM001,14,1.9977975879860765,540,True,b604818f-3395-4506-add4-ed6dca0ef4a6,Eastbound,2026-05-14 09:38:51.785315,392.0,152.0,41.0,131.0
36810,1,CAM001,3,2.0581131126565193,540,True,b604818f-3395-4506-add4-ed6dca0ef4a6,Eastbound,2026-05-14 09:38:51.777109,325.0,138.0,70.0,120.0
36809,2,CAM002,16,2.0228951875338383,684,True,ce474060-0953-4f27-b37e-72372098e3e5,Westbound,2026-05-14 09:38:51.265444,213.0,205.0,67.0,154.0
36808,2,CAM002,16,2.037501219971374,672,True,ce474060-0953-4f27-b37e-72372098e3e5,Westbound,2026-05-14 09:38:48.525705,217.0,202.0,67.0,155.0
36807,4,CAM001,14,2.0141071859288466,528,True,b604818f-3395-4506-add4-ed6dca0ef4a6,Eastbound,2026-05-14 09:38:48.312971,391.0,151.0,44.0,134.0
36806,1,CAM001,3,2.0661882608330364,528,True,b604818f-3395-4506-add4-ed6dca0ef4a6,Eastbound,2026-05-14 09:38:48.308957,324.0,138.0,73.0,123.0
36805,2,CAM002,16,1.7829736300101764,660,True,ce474060-0953-4f27-b37e-72372098e3e5,Westbound,2026-05-14 09:38:45.865114,220.0,204.0,64.0,153.0
36804,4,CAM001,14,1.7401353310285834,516,True,b604818f-3395-4506-add4-ed6dca0ef4a6,Eastbound,2026-05-14 09:38:45.715927,390.0,151.0,44.0,134.0
36803,1,CAM001,3,2.0373794865816715,516,True,b604818f-3395-4506-add4-ed6dca0ef4a6,Eastbound,2026-05-14 09:38:45.709885,323.0,139.0,75.0,122.0
36802,4,CAM002,16,1.7021919254215871,648,True,ce474060-0953-4f27-b37e-72372098e3e5,Westbound,2026-05-14 09:38:42.776079,219.0,206.0,65.0,151.0
36801,4,CAM001,14,1.7540688256188852,504,True,b604818f-3395-4506-add4-ed6dca0ef4a6,Eastbound,2026-05-14 09:38:42.530234,393.0,151.0,43.0,132.0
36800,1,CAM001,3,2.071300533020319,504,True,b604818f-3395-4506-add4-ed6dca0ef4a6,Eastbound,2026-05-14 09:38:42.526236,323.0,138.0,78.0,124.0
36799,2,CAM002,17,2.066729764152608,636,True,ce474060-0953-4f27-b37e-72372098e3e5,Westbound,2026-05-14 09:38:39.881864,399.0,187.0,54.0,153.0
36798,4,CAM002,16,1.66558320022455,636,True,ce474060-0953-4f27-b37e-72372098e3e5,Westbound,2026-05-14 09:38:39.876863,216.0,205.0,66.0,153.0
36797,4,CAM001,14,1.7804033600042177,492,True,b604818f-3395-4506-add4-ed6dca0ef4a6,Eastbound,2026-05-14 09:38:39.469840,392.0,151.0,42.0,132.0
36796,1,CAM001,3,2.010459874912932,492,True,b604818f-3395-4506-add4-ed6dca0ef4a6,Eastbound,2026-05-14 09:38:39.464840,323.0,138.0,80.0,121.0
36795,4,CAM001,14,1.7550871614203278,480,True,b604818f-3395-4506-add4-ed6dca0ef4a6,Eastbound,2026-05-14 09:38:36.617664,391.0,151.0,41.0,133.0
36794,2,CAM001,4,1.7548794287498366,480,True,b604818f-3395-4506-add4-ed6dca0ef4a6,Eastbound,2026-05-14 09:38:36.612192,426.0,147.0,61.0,140.0
36793,1,CAM001,3,2.0186918460787067,480,True,b604818f-3395-4506-add4-ed6dca0ef4a6,Eastbound,2026-05-14 09:38:36.608194,325.0,139.0,82.0,120.0
36792,2,CAM002,17,1.7797433459617105,624,True,ce474060-0953-4f27-b37e-72372098e3e5,Westbound,2026-05-14 09:38:35.996156,398.0,187.0,53.0,152.0
36791,4,CAM002,16,1.5963607678412024,624,True,ce474060-0953-4f27-b37e-72372098e3e5,Westbound,2026-05-14 09:38:35.991613,216.0,204.0,62.0,155.0
36790,2,CAM002,17,1.8163770361207934,612,True,ce474060-0953-4f27-b37e-72372098e3e5,Westbound,2026-05-14 09:38:32.659439,399.0,187.0,53.0,152.0
36789,4,CAM002,16,1.7075281146853634,612,True,ce474060-0953-4f27-b37e-72372098e3e5,Westbound,2026-05-14 09:38:32.654437,223.0,203.0,58.0,156.0
36788,4,CAM001,14,1.734603021514959,468,True,b604818f-3395-4506-add4-ed6dca0ef4a6,Eastbound,2026-05-14 09:38:32.316065,393.0,149.0,45.0,136.0
36787,2,CAM001,4,1.7921284357993639,468,True,b604818f-3395-4506-add4-ed6dca0ef4a6,Eastbound,2026-05-14 09:38:32.311541,436.0,145.0,50.0,105.0
36786,1,CAM001,3,2.01248237239171,468,True,b604818f-3395-4506-add4-ed6dca0ef4a6,Eastbound,2026-05-14 09:38:32.306540,324.0,140.0,78.0,121.0
36785,2,CAM002,17,1.5919358784604194,600,True,ce474060-0953-4f27-b37e-72372098e3e5,Westbound,2026-05-14 09:38:29.276215,400.0,187.0,53.0,152.0
36784,4,CAM002,16,1.5300792338099283,600,True,ce474060-0953-4f27-b37e-72372098e3e5,Westbound,2026-05-14 09:38:29.270688,223.0,202.0,61.0,155.0
36783,4,CAM001,14,1.696808564663172,456,True,b604818f-3395-4506-add4-ed6dca0ef4a6,Eastbound,2026-05-14 09:38:28.864194,393.0,149.0,46.0,136.0
36782,2,CAM001,4,1.6839556122644752,456,True,b604818f-3395-4506-add4-ed6dca0ef4a6,Eastbound,2026-05-14 09:38:28.859111,436.0,145.0,51.0,105.0
36781,1,CAM001,3,2.014339714544443,456,True,b604818f-3395-4506-add4-ed6dca0ef4a6,Eastbound,2026-05-14 09:38:28.856112,323.0,138.0,79.0,123.0
36780,4,CAM002,16,1.5373242055663263,588,True,ce474060-0953-4f27-b37e-72372098e3e5,Westbound,2026-05-14 09:38:25.470274,224.0,202.0,63.0,154.0
36779,2,CAM001,14,2.069764431939909,444,True,b604818f-3395-4506-add4-ed6dca0ef4a6,Eastbound,2026-05-14 09:38:24.109170,393.0,149.0,45.0,135.0
36778,1,CAM001,3,1.9900187944057015,444,True,b604818f-3395-4506-add4-ed6dca0ef4a6,Eastbound,2026-05-14 09:38:24.106131,324.0,137.0,76.0,122.0
36777,4,CAM002,16,2.0517377956296072,576,True,ce474060-0953-4f27-b37e-72372098e3e5,Westbound,2026-05-14 09:38:22.687284,222.0,202.0,65.0,156.0
36776,2,CAM001,14,1.9988596563815058,432,True,b604818f-3395-4506-add4-ed6dca0ef4a6,Eastbound,2026-05-14 09:38:21.265769,393.0,147.0,44.0,137.0
36775,1,CAM001,3,2.0622424648759132,432,True,b604818f-3395-4506-add4-ed6dca0ef4a6,Eastbound,2026-05-14 09:38:21.262244,326.0,140.0,74.0,118.0
36774,2,CAM002,16,1.717388689906642,564,True,ce474060-0953-4f27-b37e-72372098e3e5,Westbound,2026-05-14 09:38:19.792002,222.0,202.0,65.0,155.0
36773,3,CAM002,3,1.9033811735581598,564,True,ce474060-0953-4f27-b37e-72372098e3e5,Westbound,2026-05-14 09:38:19.786005,382.0,145.0,54.0,106.0
36772,2,CAM001,14,1.5817798523331204,420,True,b604818f-3395-4506-add4-ed6dca0ef4a6,Eastbound,2026-05-14 09:38:18.658970,390.0,147.0,44.0,137.0
36771,4,CAM001,4,2.057090375392968,420,True,b604818f-3395-4506-add4-ed6dca0ef4a6,Eastbound,2026-05-14 09:38:18.655972,429.0,147.0,52.0,132.0
36770,1,CAM001,3,2.0590332404227896,420,True,b604818f-3395-4506-add4-ed6dca0ef4a6,Eastbound,2026-05-14 09:38:18.650442,324.0,142.0,73.0,113.0
36769,2,CAM002,16,2.0116860513924606,552,True,ce474060-0953-4f27-b37e-72372098e3e5,Westbound,2026-05-14 09:38:16.817941,221.0,203.0,66.0,152.0
36768,3,CAM002,15,1.9820596239999082,552,True,ce474060-0953-4f27-b37e-72372098e3e5,Westbound,2026-05-14 09:38:16.814940,228.0,202.0,35.0,101.0
36767,1,CAM002,3,1.572822185302163,552,True,ce474060-0953-4f27-b37e-72372098e3e5,Westbound,2026-05-14 09:38:16.809414,364.0,149.0,37.0,79.0
36766,4,CAM001,4,2.004800324038997,408,True,b604818f-3395-4506-add4-ed6dca0ef4a6,Eastbound,2026-05-14 09:38:15.009187,429.0,147.0,53.0,130.0
36765,1,CAM001,3,2.0332143597161414,408,True,b604818f-3395-4506-add4-ed6dca0ef4a6,Eastbound,2026-05-14 09:38:15.006185,319.0,144.0,76.0,112.0
36764,3,CAM002,15,1.89547496377649,540,True,ce474060-0953-4f27-b37e-72372098e3e5,Westbound,2026-05-14 09:38:13.686633,230.0,202.0,38.0,116.0
36763,4,CAM001,4,2.0567268994640817,396,True,b604818f-3395-4506-add4-ed6dca0ef4a6,Eastbound,2026-05-14 09:38:12.159399,430.0,145.0,57.0,133.0
36762,1,CAM001,3,2.027099341788099,396,True,b604818f-3395-4506-add4-ed6dca0ef4a6,Eastbound,2026-05-14 09:38:12.155408,321.0,146.0,77.0,110.0
36761,2,CAM002,15,1.7765126149764996,528,True,ce474060-0953-4f27-b37e-72372098e3e5,Westbound,2026-05-14 09:38:10.100396,231.0,204.0,47.0,153.0
36760,4,CAM001,4,1.6933642793292063,384,True,b604818f-3395-4506-add4-ed6dca0ef4a6,Eastbound,2026-05-14 09:38:08.515450,427.0,145.0,56.0,134.0
36759,1,CAM001,3,2.064925263421319,384,True,b604818f-3395-4506-add4-ed6dca0ef4a6,Eastbound,2026-05-14 09:38:08.511314,322.0,151.0,73.0,105.0
36758,2,CAM002,15,1.3954921740205581,516,True,ce474060-0953-4f27-b37e-72372098e3e5,Westbound,2026-05-14 09:38:07.248050,217.0,202.0,49.0,154.0
36757,3,CAM002,3,1.9594724556809344,516,True,ce474060-0953-4f27-b37e-72372098e3e5,Westbound,2026-05-14 09:38:07.244049,226.0,202.0,42.0,110.0
36756,4,CAM001,14,2.0449440143182396,372,True,b604818f-3395-4506-add4-ed6dca0ef4a6,Eastbound,2026-05-14 09:38:05.438337,388.0,149.0,48.0,134.0
36755,2,CAM001,4,2.0079378757630852,372,True,b604818f-3395-4506-add4-ed6dca0ef4a6,Eastbound,2026-05-14 09:38:05.435337,425.0,147.0,55.0,131.0
36754,1,CAM001,3,2.0205080666776105,372,True,b604818f-3395-4506-add4-ed6dca0ef4a6,Eastbound,2026-05-14 09:38:05.431241,323.0,151.0,68.0,104.0
36753,3,CAM002,3,2.0447255027324807,504,True,ce474060-0953-4f27-b37e-72372098e3e5,Westbound,2026-05-14 09:38:03.097332,221.0,204.0,66.0,154.0
36752,4,CAM001,14,2.030601204374398,360,True,b604818f-3395-4506-add4-ed6dca0ef4a6,Eastbound,2026-05-14 09:38:02.119191,386.0,149.0,49.0,134.0
36751,2,CAM001,4,1.9754807392568419,360,True,b604818f-3395-4506-add4-ed6dca0ef4a6,Eastbound,2026-05-14 09:38:02.115190,424.0,147.0,62.0,133.0
36750,1,CAM001,3,2.017403148836647,360,True,b604818f-3395-4506-add4-ed6dca0ef4a6,Eastbound,2026-05-14 09:38:02.110088,324.0,143.0,67.0,112.0
36749,3,CAM002,3,1.8710843415012772,492,True,ce474060-0953-4f27-b37e-72372098e3e5,Westbound,2026-05-14 09:37:59.890302,225.0,203.0,48.0,120.0
36748,4,CAM001,14,2.0428955028248854,348,True,b604818f-3395-4506-add4-ed6dca0ef4a6,Eastbound,2026-05-14 09:37:58.431524,385.0,149.0,49.0,135.0
36747,2,CAM001,4,2.056853932910043,348,True,b604818f-3395-4506-add4-ed6dca0ef4a6,Eastbound,2026-05-14 09:37:58.428524,428.0,147.0,66.0,135.0
36746,1,CAM001,3,2.0650568393924873,348,True,b604818f-3395-4506-add4-ed6dca0ef4a6,Eastbound,2026-05-14 09:37:58.423515,323.0,138.0,69.0,119.0
36745,3,CAM002,3,2.006892547487567,480,True,ce474060-0953-4f27-b37e-72372098e3e5,Westbound,2026-05-14 09:37:56.894872,222.0,203.0,59.0,155.0
36744,2,CAM001,4,2.03270297947621,336,True,b604818f-3395-4506-add4-ed6dca0ef4a6,Eastbound,2026-05-14 09:37:55.196100,427.0,147.0,67.0,135.0
36743,1,CAM001,3,2.066664040002333,336,True,b604818f-3395-4506-add4-ed6dca0ef4a6,Eastbound,2026-05-14 09:37:55.193092,323.0,138.0,69.0,118.0
36742,3,CAM002,3,1.5145521552646175,468,True,ce474060-0953-4f27-b37e-72372098e3e5,Westbound,2026-05-14 09:37:52.980215,224.0,203.0,61.0,153.0
36741,3,CAM001,14,1.8398013661675576,324,True,b604818f-3395-4506-add4-ed6dca0ef4a6,Eastbound,2026-05-14 09:37:51.247227,385.0,152.0,47.0,131.0
36740,4,CAM001,9,1.957149240595837,324,True,b604818f-3395-4506-add4-ed6dca0ef4a6,Eastbound,2026-05-14 09:37:51.243202,360.0,139.0,93.0,123.0
36739,2,CAM001,4,2.0271143475362194,324,True,b604818f-3395-4506-add4-ed6dca0ef4a6,Eastbound,2026-05-14 09:37:51.238695,426.0,149.0,67.0,131.0
36738,1,CAM001,3,1.9905967533331401,324,True,b604818f-3395-4506-add4-ed6dca0ef4a6,Eastbound,2026-05-14 09:37:51.232154,319.0,138.0,72.0,115.0
36737,3,CAM002,3,1.605736035120036,456,True,ce474060-0953-4f27-b37e-72372098e3e5,Westbound,2026-05-14 09:37:49.291298,225.0,202.0,61.0,154.0
36736,3,CAM001,12,1.3715725111471977,312,True,b604818f-3395-4506-add4-ed6dca0ef4a6,Eastbound,2026-05-14 09:37:47.270651,600.0,163.0,37.0,119.0
36735,2,CAM001,4,2.0340297857745164,312,True,b604818f-3395-4506-add4-ed6dca0ef4a6,Eastbound,2026-05-14 09:37:47.265652,427.0,149.0,67.0,131.0
36734,1,CAM001,3,2.019458479806286,312,True,b604818f-3395-4506-add4-ed6dca0ef4a6,Eastbound,2026-05-14 09:37:47.257200,319.0,140.0,76.0,115.0
36733,3,CAM002,3,2.0580488667478596,444,True,ce474060-0953-4f27-b37e-72372098e3e5,Westbound,2026-05-14 09:37:44.894545,222.0,202.0,56.0,157.0
36732,2,CAM001,4,2.019609414591816,300,True,b604818f-3395-4506-add4-ed6dca0ef4a6,Eastbound,2026-05-14 09:37:44.059655,427.0,149.0,68.0,132.0
36731,1,CAM001,3,2.0231755008056176,300,True,b604818f-3395-4506-add4-ed6dca0ef4a6,Eastbound,2026-05-14 09:37:44.056655,317.0,143.0,83.0,116.0
36730,3,CAM002,3,1.5532533020899038,432,True,ce474060-0953-4f27-b37e-72372098e3e5,Westbound,2026-05-14 09:37:42.027447,221.0,202.0,61.0,157.0
36729,3,CAM001,14,1.7276250235590418,288,True,b604818f-3395-4506-add4-ed6dca0ef4a6,Eastbound,2026-05-14 09:37:40.491237,390.0,152.0,44.0,131.0
36728,2,CAM001,4,1.8675579482645455,288,True,b604818f-3395-4506-add4-ed6dca0ef4a6,Eastbound,2026-05-14 09:37:40.486907,438.0,148.0,53.0,104.0
36727,1,CAM001,3,2.0188113794284197,288,True,b604818f-3395-4506-add4-ed6dca0ef4a6,Eastbound,2026-05-14 09:37:40.481387,322.0,146.0,80.0,116.0
36726,3,CAM002,3,1.9521486672769612,420,True,ce474060-0953-4f27-b37e-72372098e3e5,Westbound,2026-05-14 09:37:38.863316,224.0,202.0,58.0,143.0
36725,3,CAM001,8,2.003201060560736,276,True,b604818f-3395-4506-add4-ed6dca0ef4a6,Eastbound,2026-05-14 09:37:37.353455,390.0,153.0,40.0,130.0
36724,2,CAM001,4,1.6984765213190975,276,True,b604818f-3395-4506-add4-ed6dca0ef4a6,Eastbound,2026-05-14 09:37:37.350947,430.0,148.0,61.0,133.0
36723,1,CAM001,3,2.062847244631392,276,True,b604818f-3395-4506-add4-ed6dca0ef4a6,Eastbound,2026-05-14 09:37:37.345944,326.0,146.0,74.0,118.0
36722,3,CAM002,3,1.5664352094277842,408,True,ce474060-0953-4f27-b37e-72372098e3e5,Westbound,2026-05-14 09:37:35.011202,225.0,203.0,58.0,157.0
36721,3,CAM001,8,1.811030854721803,264,True,b604818f-3395-4506-add4-ed6dca0ef4a6,Eastbound,2026-05-14 09:37:33.481496,386.0,150.0,46.0,133.0
36720,2,CAM001,4,2.013905934823195,264,True,b604818f-3395-4506-add4-ed6dca0ef4a6,Eastbound,2026-05-14 09:37:33.478494,432.0,147.0,58.0,134.0
36719,1,CAM001,3,2.0546477805324366,264,True,b604818f-3395-4506-add4-ed6dca0ef4a6,Eastbound,2026-05-14 09:37:33.475496,322.0,153.0,73.0,102.0
36718,2,CAM001,4,1.9896486364634969,252,True,b604818f-3395-4506-add4-ed6dca0ef4a6,Eastbound,2026-05-14 09:37:30.348647,431.0,145.0,55.0,133.0
36717,1,CAM001,3,1.9898040911832675,252,True,b604818f-3395-4506-add4-ed6dca0ef4a6,Eastbound,2026-05-14 09:37:30.341129,321.0,159.0,79.0,96.0
36716,4,CAM001,9,2.003209290725749,240,True,b604818f-3395-4506-add4-ed6dca0ef4a6,Eastbound,2026-05-14 09:37:27.365290,351.0,139.0,48.0,66.0
36715,3,CAM001,8,2.0201036429235275,240,True,b604818f-3395-4506-add4-ed6dca0ef4a6,Eastbound,2026-05-14 09:37:27.362244,382.0,148.0,54.0,137.0
36714,2,CAM001,4,2.0321099046246265,240,True,b604818f-3395-4506-add4-ed6dca0ef4a6,Eastbound,2026-05-14 09:37:27.359241,429.0,144.0,58.0,135.0
36713,1,CAM001,3,1.957788818510858,240,True,b604818f-3395-4506-add4-ed6dca0ef4a6,Eastbound,2026-05-14 09:37:27.356247,322.0,172.0,76.0,82.0
36712,4,CAM001,9,2.040345318946727,228,True,b604818f-3395-4506-add4-ed6dca0ef4a6,Eastbound,2026-05-14 09:37:22.954861,342.0,138.0,60.0,86.0
36711,3,CAM001,8,1.9874177114576068,228,True,b604818f-3395-4506-add4-ed6dca0ef4a6,Eastbound,2026-05-14 09:37:22.950330,377.0,149.0,56.0,135.0
36710,2,CAM001,4,2.053399552581222,228,True,b604818f-3395-4506-add4-ed6dca0ef4a6,Eastbound,2026-05-14 09:37:22.946812,429.0,145.0,60.0,136.0
36709,4,CAM001,9,1.9408590334085705,216,True,b604818f-3395-4506-add4-ed6dca0ef4a6,Eastbound,2026-05-14 09:37:19.638860,342.0,138.0,60.0,89.0
36708,3,CAM001,8,1.9772077098683825,216,True,b604818f-3395-4506-add4-ed6dca0ef4a6,Eastbound,2026-05-14 09:37:19.635859,376.0,150.0,54.0,134.0
36707,2,CAM001,4,1.9745016050388644,216,True,b604818f-3395-4506-add4-ed6dca0ef4a6,Eastbound,2026-05-14 09:37:19.631311,430.0,145.0,61.0,135.0
36706,4,CAM001,9,1.8535332206436632,204,True,b604818f-3395-4506-add4-ed6dca0ef4a6,Eastbound,2026-05-14 09:37:15.762951,343.0,138.0,59.0,92.0
36705,3,CAM001,8,1.8524574305922261,204,True,b604818f-3395-4506-add4-ed6dca0ef4a6,Eastbound,2026-05-14 09:37:15.758949,380.0,149.0,54.0,134.0
36704,2,CAM001,4,1.8741326159634473,204,True,b604818f-3395-4506-add4-ed6dca0ef4a6,Eastbound,2026-05-14 09:37:15.755949,431.0,145.0,59.0,129.0
36703,1,CAM001,3,1.7562574208132256,204,True,b604818f-3395-4506-add4-ed6dca0ef4a6,Eastbound,2026-05-14 09:37:15.751424,325.0,204.0,76.0,76.0
36702,4,CAM001,9,0.0,192,True,b604818f-3395-4506-add4-ed6dca0ef4a6,Eastbound,2026-05-14 09:37:12.569264,341.0,140.0,59.0,92.0
36701,3,CAM001,8,0.0,192,True,b604818f-3395-4506-add4-ed6dca0ef4a6,Eastbound,2026-05-14 09:37:12.565265,381.0,149.0,54.0,134.0
36700,2,CAM001,4,0.0,192,True,b604818f-3395-4506-add4-ed6dca0ef4a6,Eastbound,2026-05-14 09:37:12.560743,428.0,145.0,61.0,129.0
36699,1,CAM001,1,0.0,192,True,b604818f-3395-4506-add4-ed6dca0ef4a6,Eastbound,2026-05-14 09:37:12.553734,334.0,199.0,69.0,78.0
