id,persistent_id,camera_id,track_id,confidence,frame_id,in_geo_fence,fence_id,fence_name,timestamp,bbox_x,bbox_y,bbox_width,bbox_height
15112,1,CAM001,12,0.8203202486038208,410,True,99111bba-74e8-4d76-9c2c-227990dda407,Zone 1,2025-11-10 18:13:15.109283,235.0,131.0,396.0,348.0
15111,6,CAM001,224,0.8749662637710571,14820,True,4cf6c32a-9164-424b-950e-2ca11f695664,Eastbound,2025-11-10 12:38:32.655798,251.0,139.0,392.0,341.0
15110,6,CAM001,224,0.870097279548645,14815,True,4cf6c32a-9164-424b-950e-2ca11f695664,Eastbound,2025-11-10 12:38:29.784624,240.0,138.0,396.0,342.0
15109,6,CAM001,224,0.7407481074333191,14810,True,4cf6c32a-9164-424b-950e-2ca11f695664,Eastbound,2025-11-10 12:38:28.554605,234.0,131.0,396.0,349.0
15108,6,CAM001,224,0.788292646408081,14805,True,4cf6c32a-9164-424b-950e-2ca11f695664,Eastbound,2025-11-10 12:38:27.277972,235.0,128.0,398.0,352.0
15107,6,CAM001,224,0.7605341672897339,14800,True,4cf6c32a-9164-424b-950e-2ca11f695664,Eastbound,2025-11-10 12:38:26.128862,234.0,127.0,398.0,353.0
15106,6,CAM001,224,0.7817066311836243,14795,True,4cf6c32a-9164-424b-950e-2ca11f695664,Eastbound,2025-11-10 12:38:24.880675,240.0,131.0,388.0,349.0
15105,6,CAM001,224,0.7977584600448608,14790,True,4cf6c32a-9164-424b-950e-2ca11f695664,Eastbound,2025-11-10 12:38:23.756450,243.0,128.0,386.0,352.0
15104,6,CAM001,224,0.8053065538406372,14785,True,4cf6c32a-9164-424b-950e-2ca11f695664,Eastbound,2025-11-10 12:38:22.706786,245.0,128.0,379.0,352.0
15103,6,CAM001,224,0.8036301136016846,14780,True,4cf6c32a-9164-424b-950e-2ca11f695664,Eastbound,2025-11-10 12:38:21.529227,259.0,128.0,362.0,352.0
15102,6,CAM001,224,0.8609869480133057,14775,True,4cf6c32a-9164-424b-950e-2ca11f695664,Eastbound,2025-11-10 12:38:20.393203,276.0,127.0,351.0,352.0
15101,6,CAM001,224,0.8802109360694885,14770,True,4cf6c32a-9164-424b-950e-2ca11f695664,Eastbound,2025-11-10 12:38:19.025705,285.0,124.0,341.0,356.0
15100,6,CAM001,224,0.8215106725692749,14765,True,4cf6c32a-9164-424b-950e-2ca11f695664,Eastbound,2025-11-10 12:38:17.909554,288.0,120.0,333.0,360.0
15099,6,CAM001,224,0.8696084022521973,14760,True,4cf6c32a-9164-424b-950e-2ca11f695664,Eastbound,2025-11-10 12:38:16.640881,317.0,114.0,325.0,365.0
15098,6,CAM001,223,0.8,14715,True,4cf6c32a-9164-424b-950e-2ca11f695664,Eastbound,2025-11-10 12:38:08.454223,229.0,119.0,416.0,360.0
15097,6,CAM001,223,0.7833588719367981,14710,True,4cf6c32a-9164-424b-950e-2ca11f695664,Eastbound,2025-11-10 12:38:07.463656,237.0,136.0,397.0,343.0
15096,6,CAM001,223,0.7961352467536926,14705,True,4cf6c32a-9164-424b-950e-2ca11f695664,Eastbound,2025-11-10 12:38:06.448500,244.0,144.0,387.0,335.0
15095,6,CAM001,223,0.7872392535209656,14700,True,4cf6c32a-9164-424b-950e-2ca11f695664,Eastbound,2025-11-10 12:38:05.347719,246.0,132.0,393.0,348.0
15094,6,CAM001,223,0.8189527988433838,14695,True,4cf6c32a-9164-424b-950e-2ca11f695664,Eastbound,2025-11-10 12:38:04.309311,258.0,146.0,376.0,334.0
15093,6,CAM001,223,0.8331795334815979,14690,True,4cf6c32a-9164-424b-950e-2ca11f695664,Eastbound,2025-11-10 12:38:03.321061,265.0,159.0,349.0,321.0
15092,6,CAM001,223,0.8566752672195435,14685,True,4cf6c32a-9164-424b-950e-2ca11f695664,Eastbound,2025-11-10 12:38:02.315461,266.0,139.0,346.0,341.0
15091,6,CAM001,223,0.9038453698158264,14680,True,4cf6c32a-9164-424b-950e-2ca11f695664,Eastbound,2025-11-10 12:38:01.294457,308.0,133.0,335.0,347.0
15090,6,CAM001,220,0.8632223010063171,14645,True,4cf6c32a-9164-424b-950e-2ca11f695664,Eastbound,2025-11-10 12:37:54.996706,331.0,217.0,312.0,262.0
15089,6,CAM001,220,0.706063985824585,14640,True,4cf6c32a-9164-424b-950e-2ca11f695664,Eastbound,2025-11-10 12:37:53.949386,302.0,200.0,325.0,280.0
15088,6,CAM001,220,0.895675778388977,14635,True,4cf6c32a-9164-424b-950e-2ca11f695664,Eastbound,2025-11-10 12:37:52.949476,280.0,163.0,364.0,317.0
15087,6,CAM001,220,0.8414716124534607,14630,True,4cf6c32a-9164-424b-950e-2ca11f695664,Eastbound,2025-11-10 12:37:51.926292,252.0,139.0,393.0,341.0
15086,6,CAM001,220,0.8742639422416687,14625,True,4cf6c32a-9164-424b-950e-2ca11f695664,Eastbound,2025-11-10 12:37:50.925645,246.0,129.0,426.0,351.0
15085,6,CAM001,220,0.816769540309906,14620,True,4cf6c32a-9164-424b-950e-2ca11f695664,Eastbound,2025-11-10 12:37:49.892286,262.0,187.0,372.0,292.0
15084,6,CAM001,220,0.8204875588417053,14615,True,4cf6c32a-9164-424b-950e-2ca11f695664,Eastbound,2025-11-10 12:37:48.871633,235.0,146.0,429.0,334.0
15083,6,CAM001,220,0.744408905506134,14610,True,4cf6c32a-9164-424b-950e-2ca11f695664,Eastbound,2025-11-10 12:37:47.838647,195.0,139.0,465.0,340.0
15082,6,CAM001,220,0.7835328578948975,14605,True,4cf6c32a-9164-424b-950e-2ca11f695664,Eastbound,2025-11-10 12:37:46.820733,222.0,187.0,411.0,291.0
15081,6,CAM001,220,0.7409055829048157,14600,True,4cf6c32a-9164-424b-950e-2ca11f695664,Eastbound,2025-11-10 12:37:45.787613,237.0,193.0,384.0,286.0
15080,6,CAM001,220,0.7349425554275513,14595,True,4cf6c32a-9164-424b-950e-2ca11f695664,Eastbound,2025-11-10 12:37:44.855434,269.0,212.0,338.0,268.0
15079,6,CAM001,220,0.7887480854988098,14590,True,4cf6c32a-9164-424b-950e-2ca11f695664,Eastbound,2025-11-10 12:37:43.969270,278.0,176.0,362.0,304.0
15078,6,CAM001,220,0.8177058696746826,14585,True,4cf6c32a-9164-424b-950e-2ca11f695664,Eastbound,2025-11-10 12:37:42.951631,262.0,153.0,393.0,327.0
15077,6,CAM001,220,0.8236526250839233,14580,True,4cf6c32a-9164-424b-950e-2ca11f695664,Eastbound,2025-11-10 12:37:41.844622,249.0,150.0,416.0,330.0
15076,6,CAM001,220,0.7722364068031311,14575,True,4cf6c32a-9164-424b-950e-2ca11f695664,Eastbound,2025-11-10 12:37:40.789317,241.0,177.0,393.0,303.0
15075,6,CAM001,220,0.7664585709571838,14570,True,4cf6c32a-9164-424b-950e-2ca11f695664,Eastbound,2025-11-10 12:37:39.750328,238.0,169.0,400.0,311.0
15074,6,CAM001,220,0.7765204310417175,14565,True,4cf6c32a-9164-424b-950e-2ca11f695664,Eastbound,2025-11-10 12:37:38.736721,229.0,161.0,405.0,319.0
15073,6,CAM001,220,0.7943148016929626,14560,True,4cf6c32a-9164-424b-950e-2ca11f695664,Eastbound,2025-11-10 12:37:37.686402,216.0,145.0,427.0,335.0
15072,6,CAM001,220,0.7913227081298828,14555,True,4cf6c32a-9164-424b-950e-2ca11f695664,Eastbound,2025-11-10 12:37:36.660684,224.0,156.0,412.0,324.0
15071,6,CAM001,220,0.7903875708580017,14550,True,4cf6c32a-9164-424b-950e-2ca11f695664,Eastbound,2025-11-10 12:37:35.632433,222.0,150.0,421.0,330.0
15070,6,CAM001,220,0.8333389163017273,14545,True,4cf6c32a-9164-424b-950e-2ca11f695664,Eastbound,2025-11-10 12:37:34.649195,239.0,167.0,396.0,312.0
15069,6,CAM001,220,0.8202435970306396,14540,True,4cf6c32a-9164-424b-950e-2ca11f695664,Eastbound,2025-11-10 12:37:33.634637,247.0,165.0,400.0,315.0
15068,6,CAM001,220,0.8180533051490784,14535,True,4cf6c32a-9164-424b-950e-2ca11f695664,Eastbound,2025-11-10 12:37:32.612652,236.0,167.0,405.0,312.0
15067,6,CAM001,220,0.8,14525,True,4cf6c32a-9164-424b-950e-2ca11f695664,Eastbound,2025-11-10 12:37:30.726485,235.0,174.0,398.0,306.0
15066,6,CAM001,220,0.7026078701019287,14520,True,4cf6c32a-9164-424b-950e-2ca11f695664,Eastbound,2025-11-10 12:37:29.676370,227.0,174.0,398.0,306.0
15065,6,CAM001,220,0.7188563942909241,14515,True,4cf6c32a-9164-424b-950e-2ca11f695664,Eastbound,2025-11-10 12:37:28.679021,217.0,176.0,397.0,304.0
15064,6,CAM001,219,0.8,14475,True,4cf6c32a-9164-424b-950e-2ca11f695664,Eastbound,2025-11-10 12:37:21.341129,236.0,163.0,405.0,316.0
15063,6,CAM001,219,0.7375890016555786,14470,True,4cf6c32a-9164-424b-950e-2ca11f695664,Eastbound,2025-11-10 12:37:20.346078,243.0,173.0,393.0,306.0
15062,6,CAM001,219,0.8209459781646729,14465,True,4cf6c32a-9164-424b-950e-2ca11f695664,Eastbound,2025-11-10 12:37:19.304639,255.0,192.0,379.0,288.0
15061,6,CAM001,219,0.8223888278007507,14460,True,4cf6c32a-9164-424b-950e-2ca11f695664,Eastbound,2025-11-10 12:37:18.244995,264.0,196.0,373.0,284.0
15060,6,CAM001,219,0.8150541186332703,14455,True,4cf6c32a-9164-424b-950e-2ca11f695664,Eastbound,2025-11-10 12:37:17.221389,270.0,202.0,361.0,278.0
15059,6,CAM001,219,0.8164465427398682,14450,True,4cf6c32a-9164-424b-950e-2ca11f695664,Eastbound,2025-11-10 12:37:16.175196,272.0,201.0,349.0,279.0
15058,6,CAM001,219,0.7715667486190796,14445,True,4cf6c32a-9164-424b-950e-2ca11f695664,Eastbound,2025-11-10 12:37:15.141751,258.0,167.0,375.0,313.0
15057,6,CAM001,219,0.8508020043373108,14440,True,4cf6c32a-9164-424b-950e-2ca11f695664,Eastbound,2025-11-10 12:37:14.083166,229.0,127.0,428.0,352.0
15056,6,CAM001,219,0.8353568911552429,14435,True,4cf6c32a-9164-424b-950e-2ca11f695664,Eastbound,2025-11-10 12:37:13.024410,215.0,135.0,430.0,343.0
15055,6,CAM001,219,0.8260093927383423,14430,True,4cf6c32a-9164-424b-950e-2ca11f695664,Eastbound,2025-11-10 12:37:12.003346,211.0,140.0,430.0,338.0
15054,6,CAM001,219,0.8406791687011719,14425,True,4cf6c32a-9164-424b-950e-2ca11f695664,Eastbound,2025-11-10 12:37:10.992554,217.0,143.0,427.0,336.0
15053,6,CAM001,219,0.8535674214363098,14420,True,4cf6c32a-9164-424b-950e-2ca11f695664,Eastbound,2025-11-10 12:37:09.988202,215.0,142.0,430.0,337.0
15052,6,CAM001,219,0.8361319899559021,14415,True,4cf6c32a-9164-424b-950e-2ca11f695664,Eastbound,2025-11-10 12:37:08.945358,210.0,141.0,435.0,339.0
15051,6,CAM001,219,0.8281266093254089,14410,True,4cf6c32a-9164-424b-950e-2ca11f695664,Eastbound,2025-11-10 12:37:07.935723,210.0,145.0,434.0,335.0
15050,6,CAM001,219,0.8242361545562744,14405,True,4cf6c32a-9164-424b-950e-2ca11f695664,Eastbound,2025-11-10 12:37:06.882360,226.0,157.0,420.0,322.0
15049,6,CAM001,219,0.8271339535713196,14400,True,4cf6c32a-9164-424b-950e-2ca11f695664,Eastbound,2025-11-10 12:37:05.819465,223.0,168.0,409.0,311.0
15048,6,CAM001,219,0.8187709450721741,14395,True,4cf6c32a-9164-424b-950e-2ca11f695664,Eastbound,2025-11-10 12:37:04.812931,228.0,167.0,402.0,312.0
15047,6,CAM001,219,0.8273873925209045,14390,True,4cf6c32a-9164-424b-950e-2ca11f695664,Eastbound,2025-11-10 12:37:03.798258,234.0,168.0,390.0,312.0
15046,6,CAM001,219,0.8111074566841125,14385,True,4cf6c32a-9164-424b-950e-2ca11f695664,Eastbound,2025-11-10 12:37:02.808755,232.0,145.0,404.0,335.0
15045,6,CAM001,219,0.8677273988723755,14380,True,4cf6c32a-9164-424b-950e-2ca11f695664,Eastbound,2025-11-10 12:37:01.752587,239.0,148.0,396.0,332.0
15044,6,CAM001,219,0.863743007183075,14375,True,4cf6c32a-9164-424b-950e-2ca11f695664,Eastbound,2025-11-10 12:37:00.726214,243.0,145.0,396.0,335.0
15043,6,CAM001,219,0.8812079429626465,14370,True,4cf6c32a-9164-424b-950e-2ca11f695664,Eastbound,2025-11-10 12:36:59.697495,230.0,132.0,410.0,347.0
15042,6,CAM001,219,0.839798092842102,14365,True,4cf6c32a-9164-424b-950e-2ca11f695664,Eastbound,2025-11-10 12:36:58.675816,229.0,126.0,417.0,353.0
15041,6,CAM001,219,0.8217051029205322,14360,True,4cf6c32a-9164-424b-950e-2ca11f695664,Eastbound,2025-11-10 12:36:57.655049,244.0,143.0,403.0,337.0
15040,6,CAM001,219,0.7371222972869873,14355,True,4cf6c32a-9164-424b-950e-2ca11f695664,Eastbound,2025-11-10 12:36:56.629454,225.0,158.0,385.0,320.0
15039,6,CAM001,219,0.8,14345,True,4cf6c32a-9164-424b-950e-2ca11f695664,Eastbound,2025-11-10 12:36:54.697842,247.0,148.0,378.0,331.0
15038,6,CAM001,219,0.8904814720153809,14340,True,4cf6c32a-9164-424b-950e-2ca11f695664,Eastbound,2025-11-10 12:36:53.678134,279.0,157.0,371.0,323.0
15037,6,CAM001,219,0.8883866667747498,14335,True,4cf6c32a-9164-424b-950e-2ca11f695664,Eastbound,2025-11-10 12:36:52.667027,315.0,195.0,334.0,284.0
15036,6,CAM001,219,0.7393938302993774,14330,True,4cf6c32a-9164-424b-950e-2ca11f695664,Eastbound,2025-11-10 12:36:51.677270,327.0,204.0,341.0,275.0
15035,6,CAM001,219,0.7790279984474182,14325,True,4cf6c32a-9164-424b-950e-2ca11f695664,Eastbound,2025-11-10 12:36:50.756492,319.0,203.0,350.0,276.0
15034,6,CAM001,219,0.8492249846458435,14320,True,4cf6c32a-9164-424b-950e-2ca11f695664,Eastbound,2025-11-10 12:36:49.752421,217.0,173.0,411.0,307.0
15033,6,CAM001,219,0.8114263415336609,14315,True,4cf6c32a-9164-424b-950e-2ca11f695664,Eastbound,2025-11-10 12:36:48.730349,213.0,187.0,399.0,293.0
15032,6,CAM001,219,0.79944908618927,14310,True,4cf6c32a-9164-424b-950e-2ca11f695664,Eastbound,2025-11-10 12:36:47.684542,221.0,187.0,398.0,293.0
15031,6,CAM001,219,0.8047751188278198,14305,True,4cf6c32a-9164-424b-950e-2ca11f695664,Eastbound,2025-11-10 12:36:46.631594,222.0,187.0,397.0,293.0
15030,6,CAM001,219,0.7787923812866211,14300,True,4cf6c32a-9164-424b-950e-2ca11f695664,Eastbound,2025-11-10 12:36:45.549838,213.0,184.0,399.0,296.0
15029,6,CAM001,218,0.7593335509300232,14265,True,4cf6c32a-9164-424b-950e-2ca11f695664,Eastbound,2025-11-10 12:36:38.975543,242.0,192.0,377.0,288.0
15028,6,CAM001,218,0.795454204082489,14260,True,4cf6c32a-9164-424b-950e-2ca11f695664,Eastbound,2025-11-10 12:36:37.942708,235.0,181.0,385.0,299.0
15027,6,CAM001,218,0.8186842203140259,14255,True,4cf6c32a-9164-424b-950e-2ca11f695664,Eastbound,2025-11-10 12:36:36.889634,259.0,175.0,394.0,305.0
15026,6,CAM001,216,0.7679504752159119,14235,True,4cf6c32a-9164-424b-950e-2ca11f695664,Eastbound,2025-11-10 12:36:33.264474,271.0,173.0,357.0,307.0
15025,6,CAM001,216,0.8,14230,True,4cf6c32a-9164-424b-950e-2ca11f695664,Eastbound,2025-11-10 12:36:32.276879,300.0,177.0,352.0,302.0
15024,6,CAM001,211,0.7752664685249329,14150,True,4cf6c32a-9164-424b-950e-2ca11f695664,Eastbound,2025-11-10 12:36:17.711027,217.0,158.0,444.0,321.0
15023,6,CAM001,211,0.8746278285980225,14145,True,4cf6c32a-9164-424b-950e-2ca11f695664,Eastbound,2025-11-10 12:36:16.686802,242.0,198.0,393.0,280.0
15022,6,CAM001,211,0.8928632140159607,14140,True,4cf6c32a-9164-424b-950e-2ca11f695664,Eastbound,2025-11-10 12:36:15.656638,250.0,201.0,386.0,277.0
15021,6,CAM001,211,0.8760395050048828,14135,True,4cf6c32a-9164-424b-950e-2ca11f695664,Eastbound,2025-11-10 12:36:14.650767,246.0,200.0,383.0,279.0
15020,6,CAM001,211,0.8973186016082764,14130,True,4cf6c32a-9164-424b-950e-2ca11f695664,Eastbound,2025-11-10 12:36:13.618340,246.0,208.0,364.0,272.0
15019,6,CAM001,211,0.8997179269790649,14125,True,4cf6c32a-9164-424b-950e-2ca11f695664,Eastbound,2025-11-10 12:36:12.587663,262.0,206.0,345.0,273.0
15018,6,CAM001,211,0.7519850134849548,14120,True,4cf6c32a-9164-424b-950e-2ca11f695664,Eastbound,2025-11-10 12:36:11.539509,258.0,174.0,367.0,305.0
15017,6,CAM001,211,0.869708776473999,14115,True,4cf6c32a-9164-424b-950e-2ca11f695664,Eastbound,2025-11-10 12:36:10.454521,261.0,157.0,385.0,322.0
15016,6,CAM001,208,0.8,14085,True,4cf6c32a-9164-424b-950e-2ca11f695664,Eastbound,2025-11-10 12:36:04.869219,240.0,164.0,404.0,316.0
15015,6,CAM001,208,0.7743473052978516,14080,True,4cf6c32a-9164-424b-950e-2ca11f695664,Eastbound,2025-11-10 12:36:03.858020,234.0,159.0,415.0,320.0
15014,6,CAM001,208,0.7463235259056091,14075,True,4cf6c32a-9164-424b-950e-2ca11f695664,Eastbound,2025-11-10 12:36:02.830054,223.0,157.0,425.0,323.0
15013,6,CAM001,208,0.8457304835319519,14070,True,4cf6c32a-9164-424b-950e-2ca11f695664,Eastbound,2025-11-10 12:36:01.732487,239.0,179.0,408.0,301.0
15012,6,CAM001,208,0.8665915727615356,14065,True,4cf6c32a-9164-424b-950e-2ca11f695664,Eastbound,2025-11-10 12:36:00.696838,253.0,197.0,390.0,282.0
15011,6,CAM001,208,0.8783662915229797,14060,True,4cf6c32a-9164-424b-950e-2ca11f695664,Eastbound,2025-11-10 12:35:59.677327,266.0,210.0,374.0,270.0
15010,6,CAM001,207,0.8,14055,True,4cf6c32a-9164-424b-950e-2ca11f695664,Eastbound,2025-11-10 12:35:58.690938,356.0,149.0,309.0,324.0
15009,6,CAM001,207,0.761364758014679,14050,True,4cf6c32a-9164-424b-950e-2ca11f695664,Eastbound,2025-11-10 12:35:57.641354,345.0,146.0,327.0,326.0
15008,6,CAM001,207,0.7108600735664368,14045,True,4cf6c32a-9164-424b-950e-2ca11f695664,Eastbound,2025-11-10 12:35:56.611239,329.0,146.0,361.0,326.0
15007,6,CAM001,207,0.8508629202842712,14040,True,4cf6c32a-9164-424b-950e-2ca11f695664,Eastbound,2025-11-10 12:35:55.553018,257.0,173.0,396.0,306.0
15006,6,CAM001,207,0.8560786843299866,14035,True,4cf6c32a-9164-424b-950e-2ca11f695664,Eastbound,2025-11-10 12:35:54.471316,256.0,190.0,386.0,290.0
15005,6,CAM001,207,0.8829038143157959,14030,True,4cf6c32a-9164-424b-950e-2ca11f695664,Eastbound,2025-11-10 12:35:53.414251,252.0,189.0,389.0,291.0
15004,6,CAM001,207,0.8732156157493591,14025,True,4cf6c32a-9164-424b-950e-2ca11f695664,Eastbound,2025-11-10 12:35:52.360592,228.0,179.0,410.0,300.0
15003,6,CAM001,207,0.8797933459281921,14020,True,4cf6c32a-9164-424b-950e-2ca11f695664,Eastbound,2025-11-10 12:35:51.350845,220.0,174.0,419.0,306.0
15002,6,CAM001,207,0.8828827738761902,14015,True,4cf6c32a-9164-424b-950e-2ca11f695664,Eastbound,2025-11-10 12:35:50.310652,227.0,185.0,405.0,295.0
15001,6,CAM001,207,0.9056894779205322,14010,True,4cf6c32a-9164-424b-950e-2ca11f695664,Eastbound,2025-11-10 12:35:49.310608,228.0,182.0,408.0,298.0
15000,6,CAM001,207,0.8635280728340149,14005,True,4cf6c32a-9164-424b-950e-2ca11f695664,Eastbound,2025-11-10 12:35:48.277891,225.0,179.0,419.0,301.0
14999,6,CAM001,207,0.8569204211235046,14000,True,4cf6c32a-9164-424b-950e-2ca11f695664,Eastbound,2025-11-10 12:35:47.223062,239.0,192.0,405.0,287.0
14998,6,CAM001,207,0.8498513102531433,13995,True,4cf6c32a-9164-424b-950e-2ca11f695664,Eastbound,2025-11-10 12:35:46.183291,245.0,195.0,405.0,283.0
14997,6,CAM001,207,0.8636019825935364,13990,True,4cf6c32a-9164-424b-950e-2ca11f695664,Eastbound,2025-11-10 12:35:45.137572,242.0,209.0,388.0,270.0
14996,6,CAM001,207,0.8693151473999023,13985,True,4cf6c32a-9164-424b-950e-2ca11f695664,Eastbound,2025-11-10 12:35:44.058915,232.0,198.0,402.0,281.0
14995,6,CAM001,207,0.8831101059913635,13980,True,4cf6c32a-9164-424b-950e-2ca11f695664,Eastbound,2025-11-10 12:35:43.030310,248.0,205.0,398.0,274.0
14994,6,CAM001,207,0.8579634428024292,13975,True,4cf6c32a-9164-424b-950e-2ca11f695664,Eastbound,2025-11-10 12:35:42.040328,259.0,231.0,359.0,249.0
14993,6,CAM001,207,0.8174196481704712,13970,True,4cf6c32a-9164-424b-950e-2ca11f695664,Eastbound,2025-11-10 12:35:41.020213,280.0,225.0,343.0,253.0
14992,6,CAM001,207,0.8204901814460754,13965,True,4cf6c32a-9164-424b-950e-2ca11f695664,Eastbound,2025-11-10 12:35:39.977294,250.0,200.0,354.0,280.0
14991,6,CAM001,207,0.8556941151618958,13960,True,4cf6c32a-9164-424b-950e-2ca11f695664,Eastbound,2025-11-10 12:35:38.898937,259.0,183.0,349.0,297.0
14990,6,CAM001,207,0.8630395531654358,13955,True,4cf6c32a-9164-424b-950e-2ca11f695664,Eastbound,2025-11-10 12:35:37.818705,270.0,172.0,339.0,307.0
14989,6,CAM001,207,0.7947481274604797,13950,True,4cf6c32a-9164-424b-950e-2ca11f695664,Eastbound,2025-11-10 12:35:36.769979,266.0,142.0,347.0,337.0
14988,6,CAM001,207,0.8585099577903748,13945,True,4cf6c32a-9164-424b-950e-2ca11f695664,Eastbound,2025-11-10 12:35:35.704306,323.0,158.0,304.0,321.0
14987,6,CAM001,207,0.861160397529602,13940,True,4cf6c32a-9164-424b-950e-2ca11f695664,Eastbound,2025-11-10 12:35:34.664523,292.0,131.0,319.0,348.0
14986,6,CAM001,207,0.917415201663971,13935,True,4cf6c32a-9164-424b-950e-2ca11f695664,Eastbound,2025-11-10 12:35:33.668429,331.0,134.0,298.0,345.0
14985,6,CAM001,207,0.8950828313827515,13930,True,4cf6c32a-9164-424b-950e-2ca11f695664,Eastbound,2025-11-10 12:35:32.611216,346.0,148.0,272.0,330.0
14984,6,CAM001,207,0.8786442279815674,13925,True,4cf6c32a-9164-424b-950e-2ca11f695664,Eastbound,2025-11-10 12:35:31.565637,351.0,132.0,255.0,347.0
14983,6,CAM001,207,0.8193873167037964,13920,True,4cf6c32a-9164-424b-950e-2ca11f695664,Eastbound,2025-11-10 12:35:30.555799,325.0,127.0,237.0,352.0
14982,6,CAM001,206,0.8,13915,True,4cf6c32a-9164-424b-950e-2ca11f695664,Eastbound,2025-11-10 12:35:29.582881,33.0,151.0,535.0,329.0
14981,6,CAM001,206,0.8428705930709839,13910,True,4cf6c32a-9164-424b-950e-2ca11f695664,Eastbound,2025-11-10 12:35:28.577241,132.0,184.0,520.0,296.0
14980,6,CAM001,206,0.840707004070282,13905,True,4cf6c32a-9164-424b-950e-2ca11f695664,Eastbound,2025-11-10 12:35:27.582396,196.0,242.0,429.0,238.0
14979,6,CAM001,206,0.8707314133644104,13900,True,4cf6c32a-9164-424b-950e-2ca11f695664,Eastbound,2025-11-10 12:35:26.528502,170.0,227.0,446.0,253.0
14978,6,CAM001,205,0.8,13890,True,4cf6c32a-9164-424b-950e-2ca11f695664,Eastbound,2025-11-10 12:35:24.627963,380.0,273.0,205.0,206.0
14977,6,CAM001,205,0.9143610596656799,13885,True,4cf6c32a-9164-424b-950e-2ca11f695664,Eastbound,2025-11-10 12:35:23.580840,263.0,86.0,371.0,391.0
14976,5,CAM001,204,0.8162041902542114,8560,True,4cf6c32a-9164-424b-950e-2ca11f695664,Eastbound,2025-11-10 12:20:26.198105,289.0,147.0,341.0,333.0
14975,5,CAM001,204,0.8,8550,True,4cf6c32a-9164-424b-950e-2ca11f695664,Eastbound,2025-11-10 12:20:24.434067,305.0,128.0,338.0,352.0
14974,5,CAM001,204,0.8545166850090027,8545,True,4cf6c32a-9164-424b-950e-2ca11f695664,Eastbound,2025-11-10 12:20:23.566247,305.0,130.0,338.0,350.0
14973,5,CAM001,204,0.8,8540,True,4cf6c32a-9164-424b-950e-2ca11f695664,Eastbound,2025-11-10 12:20:22.554686,311.0,147.0,324.0,333.0
14972,5,CAM001,204,0.8005916476249695,8535,True,4cf6c32a-9164-424b-950e-2ca11f695664,Eastbound,2025-11-10 12:20:21.488054,311.0,143.0,324.0,337.0
14971,5,CAM001,204,0.8373605012893677,8530,True,4cf6c32a-9164-424b-950e-2ca11f695664,Eastbound,2025-11-10 12:20:20.471668,311.0,136.0,329.0,344.0
14970,5,CAM001,204,0.8334025740623474,8525,True,4cf6c32a-9164-424b-950e-2ca11f695664,Eastbound,2025-11-10 12:20:19.476587,312.0,138.0,326.0,342.0
14969,5,CAM001,204,0.8,8520,True,4cf6c32a-9164-424b-950e-2ca11f695664,Eastbound,2025-11-10 12:20:18.601155,319.0,141.0,323.0,339.0
14968,5,CAM001,204,0.861298143863678,8515,True,4cf6c32a-9164-424b-950e-2ca11f695664,Eastbound,2025-11-10 12:20:17.671918,317.0,139.0,325.0,341.0
14967,5,CAM001,204,0.8475720882415771,8510,True,4cf6c32a-9164-424b-950e-2ca11f695664,Eastbound,2025-11-10 12:20:16.582671,312.0,140.0,326.0,340.0
14966,5,CAM001,204,0.836057186126709,8505,True,4cf6c32a-9164-424b-950e-2ca11f695664,Eastbound,2025-11-10 12:20:15.548970,310.0,135.0,330.0,345.0
14965,5,CAM001,203,0.8,8485,True,4cf6c32a-9164-424b-950e-2ca11f695664,Eastbound,2025-11-10 12:20:12.189431,268.0,123.0,378.0,357.0
14964,5,CAM001,203,0.8707183599472046,8475,True,4cf6c32a-9164-424b-950e-2ca11f695664,Eastbound,2025-11-10 12:20:10.255302,279.0,111.0,398.0,368.0
14963,5,CAM001,203,0.8972659111022949,8470,True,4cf6c32a-9164-424b-950e-2ca11f695664,Eastbound,2025-11-10 12:20:09.237963,283.0,153.0,392.0,327.0
14962,5,CAM001,203,0.8761110305786133,8465,True,4cf6c32a-9164-424b-950e-2ca11f695664,Eastbound,2025-11-10 12:20:08.209857,295.0,193.0,364.0,287.0
14961,5,CAM001,202,0.8,8385,True,4cf6c32a-9164-424b-950e-2ca11f695664,Eastbound,2025-11-10 12:19:53.309248,319.0,169.0,325.0,323.0
14960,5,CAM001,202,0.7392011284828186,8380,True,4cf6c32a-9164-424b-950e-2ca11f695664,Eastbound,2025-11-10 12:19:52.310324,321.0,170.0,307.0,305.0
14959,5,CAM001,196,0.8,8170,True,4cf6c32a-9164-424b-950e-2ca11f695664,Eastbound,2025-11-10 12:19:15.050363,171.0,170.0,445.0,308.0
14958,5,CAM001,196,0.7823014855384827,8165,True,4cf6c32a-9164-424b-950e-2ca11f695664,Eastbound,2025-11-10 12:19:14.024050,183.0,173.0,440.0,306.0
14957,2,CAM001,195,0.8,8145,True,4cf6c32a-9164-424b-950e-2ca11f695664,Eastbound,2025-11-10 12:19:10.455511,264.0,178.0,309.0,302.0
14956,5,CAM001,193,0.8,7605,True,4cf6c32a-9164-424b-950e-2ca11f695664,Eastbound,2025-11-10 12:17:36.135993,155.0,181.0,450.0,298.0
14955,5,CAM001,190,0.911747932434082,7465,True,4cf6c32a-9164-424b-950e-2ca11f695664,Eastbound,2025-11-10 12:17:09.934166,299.0,152.0,363.0,327.0
14954,5,CAM001,190,0.8643565773963928,7460,True,4cf6c32a-9164-424b-950e-2ca11f695664,Eastbound,2025-11-10 12:17:08.870037,292.0,163.0,364.0,317.0
14953,5,CAM001,188,0.8,7425,True,4cf6c32a-9164-424b-950e-2ca11f695664,Eastbound,2025-11-10 12:17:02.099528,272.0,179.0,440.0,301.0
14952,5,CAM001,187,0.8,7405,True,4cf6c32a-9164-424b-950e-2ca11f695664,Eastbound,2025-11-10 12:16:58.509910,330.0,171.0,314.0,308.0
14951,5,CAM001,187,0.8799926042556763,7400,True,4cf6c32a-9164-424b-950e-2ca11f695664,Eastbound,2025-11-10 12:16:57.426308,300.0,164.0,316.0,315.0
14950,5,CAM001,187,0.7897217273712158,7395,True,4cf6c32a-9164-424b-950e-2ca11f695664,Eastbound,2025-11-10 12:16:56.336568,243.0,177.0,291.0,302.0
14949,5,CAM001,186,0.8,7375,True,4cf6c32a-9164-424b-950e-2ca11f695664,Eastbound,2025-11-10 12:16:52.766875,184.0,175.0,437.0,305.0
14948,5,CAM001,186,0.7190267443656921,7370,True,4cf6c32a-9164-424b-950e-2ca11f695664,Eastbound,2025-11-10 12:16:51.761191,181.0,178.0,434.0,302.0
14947,5,CAM001,183,0.8,7305,True,4cf6c32a-9164-424b-950e-2ca11f695664,Eastbound,2025-11-10 12:16:39.870599,205.0,182.0,423.0,296.0
14946,5,CAM001,183,0.7363284230232239,7300,True,4cf6c32a-9164-424b-950e-2ca11f695664,Eastbound,2025-11-10 12:16:38.815737,205.0,181.0,424.0,297.0
14945,5,CAM001,183,0.7281104922294617,7290,True,4cf6c32a-9164-424b-950e-2ca11f695664,Eastbound,2025-11-10 12:16:36.916403,195.0,181.0,425.0,297.0
14944,5,CAM001,183,0.7300753593444824,7285,True,4cf6c32a-9164-424b-950e-2ca11f695664,Eastbound,2025-11-10 12:16:35.884066,201.0,181.0,419.0,297.0
14943,5,CAM001,183,0.7192533612251282,7280,True,4cf6c32a-9164-424b-950e-2ca11f695664,Eastbound,2025-11-10 12:16:34.817085,200.0,179.0,415.0,299.0
14942,5,CAM001,183,0.8,7270,True,4cf6c32a-9164-424b-950e-2ca11f695664,Eastbound,2025-11-10 12:16:32.928944,208.0,182.0,405.0,296.0
14941,5,CAM001,183,0.7843773365020752,7265,True,4cf6c32a-9164-424b-950e-2ca11f695664,Eastbound,2025-11-10 12:16:31.889190,197.0,182.0,406.0,297.0
14940,2,CAM001,182,0.7007368803024292,7255,True,4cf6c32a-9164-424b-950e-2ca11f695664,Eastbound,2025-11-10 12:16:29.998744,311.0,200.0,308.0,279.0
14939,5,CAM001,180,0.8,7240,True,4cf6c32a-9164-424b-950e-2ca11f695664,Eastbound,2025-11-10 12:16:27.197928,151.0,174.0,455.0,305.0
14938,5,CAM001,180,0.8241932988166809,7235,True,4cf6c32a-9164-424b-950e-2ca11f695664,Eastbound,2025-11-10 12:16:26.169486,186.0,189.0,422.0,289.0
14937,5,CAM001,179,0.8,7225,True,4cf6c32a-9164-424b-950e-2ca11f695664,Eastbound,2025-11-10 12:16:24.177267,268.0,203.0,245.0,275.0
14936,5,CAM001,177,0.8,7135,True,4cf6c32a-9164-424b-950e-2ca11f695664,Eastbound,2025-11-10 12:16:07.099143,186.0,189.0,416.0,290.0
14935,5,CAM001,177,0.7636594176292419,7130,True,4cf6c32a-9164-424b-950e-2ca11f695664,Eastbound,2025-11-10 12:16:06.088736,199.0,190.0,420.0,289.0
14934,5,CAM001,177,0.7650980353355408,7125,True,4cf6c32a-9164-424b-950e-2ca11f695664,Eastbound,2025-11-10 12:16:05.042290,205.0,192.0,415.0,287.0
14933,5,CAM001,177,0.7492585182189941,7120,True,4cf6c32a-9164-424b-950e-2ca11f695664,Eastbound,2025-11-10 12:16:03.962137,205.0,191.0,415.0,288.0
14932,5,CAM001,177,0.7631557583808899,7115,True,4cf6c32a-9164-424b-950e-2ca11f695664,Eastbound,2025-11-10 12:16:02.926555,206.0,190.0,415.0,289.0
14931,5,CAM001,177,0.7602713704109192,7110,True,4cf6c32a-9164-424b-950e-2ca11f695664,Eastbound,2025-11-10 12:16:01.884964,204.0,191.0,413.0,288.0
14930,5,CAM001,177,0.768941342830658,7105,True,4cf6c32a-9164-424b-950e-2ca11f695664,Eastbound,2025-11-10 12:16:00.814180,204.0,191.0,414.0,288.0
14929,5,CAM001,177,0.7610607147216797,7100,True,4cf6c32a-9164-424b-950e-2ca11f695664,Eastbound,2025-11-10 12:15:59.707548,205.0,191.0,413.0,288.0
14928,5,CAM001,177,0.7692592144012451,7095,True,4cf6c32a-9164-424b-950e-2ca11f695664,Eastbound,2025-11-10 12:15:58.615952,205.0,191.0,413.0,288.0
14927,1,CAM001,174,0.8,7020,True,4cf6c32a-9164-424b-950e-2ca11f695664,Eastbound,2025-11-10 12:15:44.293153,197.0,177.0,427.0,303.0
14926,1,CAM001,174,0.7177448272705078,7015,True,4cf6c32a-9164-424b-950e-2ca11f695664,Eastbound,2025-11-10 12:15:43.252704,193.0,172.0,433.0,307.0
14925,1,CAM001,174,0.7121084332466125,7010,True,4cf6c32a-9164-424b-950e-2ca11f695664,Eastbound,2025-11-10 12:15:42.178428,193.0,172.0,434.0,307.0
14924,1,CAM001,174,0.7133803367614746,7005,True,4cf6c32a-9164-424b-950e-2ca11f695664,Eastbound,2025-11-10 12:15:41.135254,194.0,172.0,434.0,307.0
14923,1,CAM001,174,0.7530220150947571,7000,True,4cf6c32a-9164-424b-950e-2ca11f695664,Eastbound,2025-11-10 12:15:40.090237,200.0,173.0,433.0,306.0
14922,2,CAM001,171,0.7851590514183044,6815,True,4cf6c32a-9164-424b-950e-2ca11f695664,Eastbound,2025-11-10 12:15:08.222590,323.0,175.0,249.0,303.0
14921,2,CAM001,171,0.8092679977416992,6810,True,4cf6c32a-9164-424b-950e-2ca11f695664,Eastbound,2025-11-10 12:15:07.154787,331.0,143.0,280.0,336.0
14920,2,CAM001,171,0.7003530263900757,6800,True,4cf6c32a-9164-424b-950e-2ca11f695664,Eastbound,2025-11-10 12:15:05.225129,314.0,138.0,267.0,328.0
14919,2,CAM001,171,0.7586894631385803,6795,True,4cf6c32a-9164-424b-950e-2ca11f695664,Eastbound,2025-11-10 12:15:04.192229,298.0,137.0,288.0,341.0
14918,2,CAM001,171,0.7044856548309326,6790,True,4cf6c32a-9164-424b-950e-2ca11f695664,Eastbound,2025-11-10 12:15:03.168048,323.0,154.0,281.0,325.0
14917,2,CAM001,171,0.7903323173522949,6785,True,4cf6c32a-9164-424b-950e-2ca11f695664,Eastbound,2025-11-10 12:15:02.168225,255.0,146.0,290.0,333.0
14916,2,CAM001,171,0.7676734924316406,6780,True,4cf6c32a-9164-424b-950e-2ca11f695664,Eastbound,2025-11-10 12:15:01.094441,302.0,142.0,263.0,329.0
14915,2,CAM001,171,0.7109259366989136,6775,True,4cf6c32a-9164-424b-950e-2ca11f695664,Eastbound,2025-11-10 12:15:00.054989,310.0,137.0,255.0,338.0
14914,2,CAM001,169,0.8,6725,True,4cf6c32a-9164-424b-950e-2ca11f695664,Eastbound,2025-11-10 12:14:51.440475,303.0,135.0,259.0,341.0
14913,2,CAM001,169,0.8,6720,True,4cf6c32a-9164-424b-950e-2ca11f695664,Eastbound,2025-11-10 12:14:50.511488,313.0,136.0,257.0,337.0
14912,2,CAM001,169,0.7457269430160522,6715,True,4cf6c32a-9164-424b-950e-2ca11f695664,Eastbound,2025-11-10 12:14:49.579981,303.0,134.0,261.0,343.0
14911,2,CAM001,169,0.8,6710,True,4cf6c32a-9164-424b-950e-2ca11f695664,Eastbound,2025-11-10 12:14:48.471103,297.0,129.0,265.0,350.0
14910,1,CAM001,165,0.7108087539672852,6685,True,4cf6c32a-9164-424b-950e-2ca11f695664,Eastbound,2025-11-10 12:14:42.266082,245.0,141.0,422.0,337.0
14909,2,CAM001,161,0.8,6650,True,4cf6c32a-9164-424b-950e-2ca11f695664,Eastbound,2025-11-10 12:14:36.028321,303.0,139.0,271.0,338.0
14908,2,CAM001,161,0.8225699663162231,6645,True,4cf6c32a-9164-424b-950e-2ca11f695664,Eastbound,2025-11-10 12:14:35.007697,296.0,133.0,278.0,343.0
14907,2,CAM001,161,0.8,6640,True,4cf6c32a-9164-424b-950e-2ca11f695664,Eastbound,2025-11-10 12:14:33.941811,281.0,124.0,294.0,355.0
14906,2,CAM001,160,0.8,6625,True,4cf6c32a-9164-424b-950e-2ca11f695664,Eastbound,2025-11-10 12:14:30.991528,324.0,123.0,254.0,326.0
14905,1,CAM001,157,0.7570523023605347,6560,True,4cf6c32a-9164-424b-950e-2ca11f695664,Eastbound,2025-11-10 12:14:18.693043,190.0,157.0,439.0,323.0
14904,1,CAM001,154,0.8,6500,True,4cf6c32a-9164-424b-950e-2ca11f695664,Eastbound,2025-11-10 12:14:07.565634,310.0,134.0,254.0,344.0
14903,1,CAM001,152,0.8,6490,True,4cf6c32a-9164-424b-950e-2ca11f695664,Eastbound,2025-11-10 12:14:05.667217,202.0,159.0,429.0,320.0
14902,1,CAM001,152,0.7635213136672974,6485,True,4cf6c32a-9164-424b-950e-2ca11f695664,Eastbound,2025-11-10 12:14:04.776361,206.0,161.0,425.0,318.0
14901,1,CAM001,152,0.8,6480,True,4cf6c32a-9164-424b-950e-2ca11f695664,Eastbound,2025-11-10 12:14:03.784703,197.0,179.0,399.0,301.0
14900,1,CAM001,152,0.7485805153846741,6475,True,4cf6c32a-9164-424b-950e-2ca11f695664,Eastbound,2025-11-10 12:14:02.674144,206.0,179.0,391.0,301.0
14899,1,CAM001,152,0.8,6470,True,4cf6c32a-9164-424b-950e-2ca11f695664,Eastbound,2025-11-10 12:14:01.727565,206.0,179.0,386.0,301.0
14898,1,CAM001,152,0.8,6465,True,4cf6c32a-9164-424b-950e-2ca11f695664,Eastbound,2025-11-10 12:14:00.775147,265.0,157.0,405.0,323.0
14897,1,CAM001,152,0.756004273891449,6460,True,4cf6c32a-9164-424b-950e-2ca11f695664,Eastbound,2025-11-10 12:13:59.819054,207.0,160.0,428.0,319.0
14896,2,CAM001,146,0.8,6380,True,4cf6c32a-9164-424b-950e-2ca11f695664,Eastbound,2025-11-10 12:13:45.581794,280.0,128.0,278.0,347.0
14895,2,CAM001,145,0.720106303691864,6365,True,4cf6c32a-9164-424b-950e-2ca11f695664,Eastbound,2025-11-10 12:13:42.823148,220.0,179.0,390.0,301.0
14894,2,CAM001,145,0.7910003662109375,6360,True,4cf6c32a-9164-424b-950e-2ca11f695664,Eastbound,2025-11-10 12:13:41.851908,209.0,168.0,398.0,311.0
14893,1,CAM001,141,0.8,6330,True,4cf6c32a-9164-424b-950e-2ca11f695664,Eastbound,2025-11-10 12:13:36.362852,164.0,158.0,449.0,320.0
14892,1,CAM001,141,0.8,6325,True,4cf6c32a-9164-424b-950e-2ca11f695664,Eastbound,2025-11-10 12:13:35.398823,161.0,158.0,445.0,320.0
14891,1,CAM001,141,0.7069817185401917,6320,True,4cf6c32a-9164-424b-950e-2ca11f695664,Eastbound,2025-11-10 12:13:34.424846,165.0,157.0,447.0,321.0
14890,1,CAM001,141,0.8,6315,True,4cf6c32a-9164-424b-950e-2ca11f695664,Eastbound,2025-11-10 12:13:33.425174,168.0,153.0,452.0,325.0
14889,1,CAM001,141,0.7209623456001282,6310,True,4cf6c32a-9164-424b-950e-2ca11f695664,Eastbound,2025-11-10 12:13:32.475429,161.0,153.0,454.0,325.0
14888,1,CAM001,141,0.7121457457542419,6305,True,4cf6c32a-9164-424b-950e-2ca11f695664,Eastbound,2025-11-10 12:13:31.492659,158.0,151.0,456.0,327.0
14887,1,CAM001,141,0.7050912380218506,6300,True,4cf6c32a-9164-424b-950e-2ca11f695664,Eastbound,2025-11-10 12:13:30.380970,157.0,152.0,455.0,326.0
14886,1,CAM001,141,0.8,6295,True,4cf6c32a-9164-424b-950e-2ca11f695664,Eastbound,2025-11-10 12:13:29.443461,167.0,152.0,456.0,326.0
14885,1,CAM001,141,0.7157120108604431,6290,True,4cf6c32a-9164-424b-950e-2ca11f695664,Eastbound,2025-11-10 12:13:28.434295,157.0,154.0,456.0,324.0
14884,1,CAM001,141,0.717194139957428,6285,True,4cf6c32a-9164-424b-950e-2ca11f695664,Eastbound,2025-11-10 12:13:27.429237,160.0,154.0,457.0,324.0
14883,1,CAM001,141,0.7214504480361938,6280,True,4cf6c32a-9164-424b-950e-2ca11f695664,Eastbound,2025-11-10 12:13:26.398326,162.0,155.0,453.0,323.0
14882,1,CAM001,141,0.7159234881401062,6275,True,4cf6c32a-9164-424b-950e-2ca11f695664,Eastbound,2025-11-10 12:13:25.362062,170.0,153.0,453.0,325.0
14881,1,CAM001,141,0.8,6270,True,4cf6c32a-9164-424b-950e-2ca11f695664,Eastbound,2025-11-10 12:13:24.375300,162.0,159.0,442.0,319.0
14880,1,CAM001,141,0.7482750415802002,6265,True,4cf6c32a-9164-424b-950e-2ca11f695664,Eastbound,2025-11-10 12:13:23.368707,157.0,165.0,431.0,313.0
14879,1,CAM001,141,0.7494902610778809,6260,True,4cf6c32a-9164-424b-950e-2ca11f695664,Eastbound,2025-11-10 12:13:22.374453,154.0,165.0,429.0,314.0
14878,1,CAM001,141,0.7602273225784302,6255,True,4cf6c32a-9164-424b-950e-2ca11f695664,Eastbound,2025-11-10 12:13:21.374416,152.0,161.0,435.0,317.0
14877,1,CAM001,141,0.7391523718833923,6250,True,4cf6c32a-9164-424b-950e-2ca11f695664,Eastbound,2025-11-10 12:13:20.371459,150.0,161.0,437.0,317.0
14876,1,CAM001,141,0.7351743578910828,6245,True,4cf6c32a-9164-424b-950e-2ca11f695664,Eastbound,2025-11-10 12:13:19.354078,151.0,166.0,435.0,312.0
14875,1,CAM001,141,0.714561402797699,6240,True,4cf6c32a-9164-424b-950e-2ca11f695664,Eastbound,2025-11-10 12:13:18.305543,151.0,168.0,441.0,310.0
14874,1,CAM001,141,0.744708240032196,6235,True,4cf6c32a-9164-424b-950e-2ca11f695664,Eastbound,2025-11-10 12:13:17.270145,164.0,173.0,438.0,306.0
14873,1,CAM001,141,0.7415142059326172,6230,True,4cf6c32a-9164-424b-950e-2ca11f695664,Eastbound,2025-11-10 12:13:16.276047,159.0,170.0,439.0,309.0
14872,1,CAM001,141,0.7133093476295471,6225,True,4cf6c32a-9164-424b-950e-2ca11f695664,Eastbound,2025-11-10 12:13:15.264135,163.0,171.0,439.0,308.0
14871,1,CAM001,141,0.7260310053825378,6220,True,4cf6c32a-9164-424b-950e-2ca11f695664,Eastbound,2025-11-10 12:13:14.286957,163.0,171.0,437.0,309.0
14870,1,CAM001,141,0.727723240852356,6215,True,4cf6c32a-9164-424b-950e-2ca11f695664,Eastbound,2025-11-10 12:13:13.265502,152.0,169.0,435.0,310.0
14869,1,CAM001,137,0.7026185989379883,6135,True,4cf6c32a-9164-424b-950e-2ca11f695664,Eastbound,2025-11-10 12:12:59.333373,157.0,159.0,451.0,319.0
14868,1,CAM001,137,0.7003328204154968,6130,True,4cf6c32a-9164-424b-950e-2ca11f695664,Eastbound,2025-11-10 12:12:58.357421,159.0,160.0,448.0,318.0
14867,1,CAM001,137,0.7100584506988525,6125,True,4cf6c32a-9164-424b-950e-2ca11f695664,Eastbound,2025-11-10 12:12:57.293048,155.0,162.0,447.0,316.0
14866,1,CAM001,137,0.8,6120,True,4cf6c32a-9164-424b-950e-2ca11f695664,Eastbound,2025-11-10 12:12:56.277900,161.0,163.0,444.0,316.0
14865,1,CAM001,137,0.7181069850921631,6115,True,4cf6c32a-9164-424b-950e-2ca11f695664,Eastbound,2025-11-10 12:12:55.304329,161.0,162.0,445.0,317.0
14864,1,CAM001,137,0.7318539619445801,6110,True,4cf6c32a-9164-424b-950e-2ca11f695664,Eastbound,2025-11-10 12:12:54.279696,157.0,162.0,445.0,317.0
14863,1,CAM001,136,0.8,6075,True,4cf6c32a-9164-424b-950e-2ca11f695664,Eastbound,2025-11-10 12:12:48.283280,154.0,166.0,434.0,313.0
14862,1,CAM001,136,0.8137938380241394,6070,True,4cf6c32a-9164-424b-950e-2ca11f695664,Eastbound,2025-11-10 12:12:47.353979,170.0,162.0,441.0,317.0
14861,1,CAM001,136,0.7547047734260559,6065,True,4cf6c32a-9164-424b-950e-2ca11f695664,Eastbound,2025-11-10 12:12:46.406874,170.0,156.0,440.0,322.0
14860,1,CAM001,136,0.7505249381065369,6060,True,4cf6c32a-9164-424b-950e-2ca11f695664,Eastbound,2025-11-10 12:12:45.354680,158.0,160.0,436.0,318.0
14859,1,CAM001,136,0.7389160394668579,6055,True,4cf6c32a-9164-424b-950e-2ca11f695664,Eastbound,2025-11-10 12:12:44.382100,170.0,157.0,441.0,321.0
14858,1,CAM001,136,0.7463362216949463,6050,True,4cf6c32a-9164-424b-950e-2ca11f695664,Eastbound,2025-11-10 12:12:43.361138,160.0,160.0,436.0,319.0
14857,1,CAM001,136,0.7730002999305725,6045,True,4cf6c32a-9164-424b-950e-2ca11f695664,Eastbound,2025-11-10 12:12:42.314095,176.0,161.0,432.0,317.0
14856,1,CAM001,136,0.7527750730514526,6040,True,4cf6c32a-9164-424b-950e-2ca11f695664,Eastbound,2025-11-10 12:12:41.319715,156.0,159.0,427.0,320.0
14855,1,CAM001,136,0.7512289881706238,6035,True,4cf6c32a-9164-424b-950e-2ca11f695664,Eastbound,2025-11-10 12:12:40.330440,155.0,160.0,434.0,318.0
14854,1,CAM001,136,0.7511541843414307,6030,True,4cf6c32a-9164-424b-950e-2ca11f695664,Eastbound,2025-11-10 12:12:39.185451,151.0,160.0,439.0,319.0
14853,1,CAM001,135,0.7261287569999695,6005,True,4cf6c32a-9164-424b-950e-2ca11f695664,Eastbound,2025-11-10 12:12:34.771579,206.0,152.0,398.0,327.0
14852,1,CAM001,135,0.7703189253807068,6000,True,4cf6c32a-9164-424b-950e-2ca11f695664,Eastbound,2025-11-10 12:12:33.607839,207.0,130.0,422.0,349.0
14851,1,CAM001,135,0.7137343287467957,5995,True,4cf6c32a-9164-424b-950e-2ca11f695664,Eastbound,2025-11-10 12:12:32.558898,182.0,110.0,441.0,369.0
14850,1,CAM001,135,0.8078810572624207,5990,True,4cf6c32a-9164-424b-950e-2ca11f695664,Eastbound,2025-11-10 12:12:31.621835,197.0,112.0,446.0,367.0
14849,1,CAM001,135,0.8531941771507263,5985,True,4cf6c32a-9164-424b-950e-2ca11f695664,Eastbound,2025-11-10 12:12:30.646377,232.0,149.0,409.0,330.0
14848,1,CAM001,135,0.9217509031295776,5980,True,4cf6c32a-9164-424b-950e-2ca11f695664,Eastbound,2025-11-10 12:12:29.713979,236.0,155.0,402.0,323.0
14847,1,CAM001,135,0.92444908618927,5975,True,4cf6c32a-9164-424b-950e-2ca11f695664,Eastbound,2025-11-10 12:12:28.717180,238.0,156.0,399.0,322.0
14846,1,CAM001,135,0.9150454998016357,5970,True,4cf6c32a-9164-424b-950e-2ca11f695664,Eastbound,2025-11-10 12:12:27.712023,237.0,154.0,400.0,324.0
14845,1,CAM001,135,0.9187984466552734,5965,True,4cf6c32a-9164-424b-950e-2ca11f695664,Eastbound,2025-11-10 12:12:26.686728,239.0,155.0,395.0,324.0
14844,1,CAM001,135,0.805297315120697,5960,True,4cf6c32a-9164-424b-950e-2ca11f695664,Eastbound,2025-11-10 12:12:25.701025,232.0,146.0,402.0,334.0
14843,1,CAM001,135,0.8288533091545105,5955,True,4cf6c32a-9164-424b-950e-2ca11f695664,Eastbound,2025-11-10 12:12:24.706245,232.0,147.0,394.0,332.0
14842,1,CAM001,135,0.8126846551895142,5950,True,4cf6c32a-9164-424b-950e-2ca11f695664,Eastbound,2025-11-10 12:12:23.673945,236.0,145.0,382.0,334.0
14841,1,CAM001,135,0.8290731906890869,5945,True,4cf6c32a-9164-424b-950e-2ca11f695664,Eastbound,2025-11-10 12:12:22.707949,255.0,144.0,357.0,336.0
14840,1,CAM001,135,0.8958144187927246,5940,True,4cf6c32a-9164-424b-950e-2ca11f695664,Eastbound,2025-11-10 12:12:21.772064,302.0,141.0,354.0,338.0
14839,1,CAM001,135,0.899554967880249,5935,True,4cf6c32a-9164-424b-950e-2ca11f695664,Eastbound,2025-11-10 12:12:20.747460,295.0,142.0,371.0,337.0
14838,1,CAM001,135,0.903023898601532,5930,True,4cf6c32a-9164-424b-950e-2ca11f695664,Eastbound,2025-11-10 12:12:19.779511,283.0,140.0,395.0,340.0
14837,2,CAM001,133,0.7826451659202576,5905,True,4cf6c32a-9164-424b-950e-2ca11f695664,Eastbound,2025-11-10 12:12:15.052175,240.0,149.0,405.0,331.0
14836,2,CAM001,133,0.8342825174331665,5900,True,4cf6c32a-9164-424b-950e-2ca11f695664,Eastbound,2025-11-10 12:12:14.011958,242.0,155.0,413.0,325.0
14835,2,CAM001,133,0.7394984364509583,5895,True,4cf6c32a-9164-424b-950e-2ca11f695664,Eastbound,2025-11-10 12:12:12.987411,224.0,161.0,415.0,318.0
14834,1,CAM001,132,0.8,5850,True,4cf6c32a-9164-424b-950e-2ca11f695664,Eastbound,2025-11-10 12:12:04.611049,198.0,165.0,378.0,315.0
14833,1,CAM001,132,0.8019420504570007,5845,True,4cf6c32a-9164-424b-950e-2ca11f695664,Eastbound,2025-11-10 12:12:03.650358,204.0,173.0,369.0,306.0
14832,1,CAM001,132,0.7711291909217834,5840,True,4cf6c32a-9164-424b-950e-2ca11f695664,Eastbound,2025-11-10 12:12:02.532752,217.0,161.0,388.0,317.0
14831,1,CAM001,132,0.8010385036468506,5835,True,4cf6c32a-9164-424b-950e-2ca11f695664,Eastbound,2025-11-10 12:12:01.373057,208.0,159.0,381.0,320.0
14830,1,CAM001,132,0.8339007496833801,5830,True,4cf6c32a-9164-424b-950e-2ca11f695664,Eastbound,2025-11-10 12:12:00.320582,211.0,174.0,358.0,305.0
14829,1,CAM001,132,0.8,5825,True,4cf6c32a-9164-424b-950e-2ca11f695664,Eastbound,2025-11-10 12:11:59.302434,202.0,144.0,391.0,335.0
14828,1,CAM001,132,0.8,5820,True,4cf6c32a-9164-424b-950e-2ca11f695664,Eastbound,2025-11-10 12:11:58.119511,219.0,161.0,370.0,318.0
14827,1,CAM001,132,0.7902306318283081,5815,True,4cf6c32a-9164-424b-950e-2ca11f695664,Eastbound,2025-11-10 12:11:57.110626,208.0,166.0,362.0,313.0
14826,1,CAM001,132,0.8089361190795898,5810,True,4cf6c32a-9164-424b-950e-2ca11f695664,Eastbound,2025-11-10 12:11:56.189853,215.0,167.0,358.0,312.0
14825,1,CAM001,132,0.7882029414176941,5805,True,4cf6c32a-9164-424b-950e-2ca11f695664,Eastbound,2025-11-10 12:11:55.272918,208.0,159.0,363.0,320.0
14824,1,CAM001,131,0.7052721977233887,5775,True,4cf6c32a-9164-424b-950e-2ca11f695664,Eastbound,2025-11-10 12:11:49.574826,200.0,142.0,386.0,337.0
14823,1,CAM001,131,0.7320441007614136,5770,True,4cf6c32a-9164-424b-950e-2ca11f695664,Eastbound,2025-11-10 12:11:48.519685,202.0,149.0,379.0,329.0
14822,1,CAM001,131,0.7710117697715759,5765,True,4cf6c32a-9164-424b-950e-2ca11f695664,Eastbound,2025-11-10 12:11:47.405653,199.0,148.0,380.0,331.0
14821,4,CAM001,128,0.8449933528900146,5675,True,4cf6c32a-9164-424b-950e-2ca11f695664,Eastbound,2025-11-10 12:11:30.501329,61.0,204.0,295.0,276.0
14820,4,CAM001,128,0.8,5670,True,4cf6c32a-9164-424b-950e-2ca11f695664,Eastbound,2025-11-10 12:11:29.416242,76.0,221.0,274.0,259.0
14819,2,CAM001,126,0.7501946091651917,5550,True,4cf6c32a-9164-424b-950e-2ca11f695664,Eastbound,2025-11-10 12:11:06.058859,234.0,108.0,392.0,370.0
14818,2,CAM001,126,0.7804403305053711,5545,True,4cf6c32a-9164-424b-950e-2ca11f695664,Eastbound,2025-11-10 12:11:05.015215,221.0,129.0,376.0,351.0
14817,2,CAM001,126,0.8492161631584167,5540,True,4cf6c32a-9164-424b-950e-2ca11f695664,Eastbound,2025-11-10 12:11:04.005972,281.0,128.0,363.0,351.0
14816,2,CAM001,126,0.8762686252593994,5535,True,4cf6c32a-9164-424b-950e-2ca11f695664,Eastbound,2025-11-10 12:11:03.005531,277.0,131.0,360.0,348.0
14815,1,CAM001,125,0.8,5505,True,4cf6c32a-9164-424b-950e-2ca11f695664,Eastbound,2025-11-10 12:10:57.674308,209.0,143.0,412.0,337.0
14814,1,CAM001,121,0.8,5375,True,4cf6c32a-9164-424b-950e-2ca11f695664,Eastbound,2025-11-10 12:10:33.397156,226.0,161.0,367.0,319.0
14813,1,CAM001,121,0.8,5365,True,4cf6c32a-9164-424b-950e-2ca11f695664,Eastbound,2025-11-10 12:10:31.565117,234.0,129.0,402.0,349.0
14812,1,CAM001,121,0.7641607522964478,5360,True,4cf6c32a-9164-424b-950e-2ca11f695664,Eastbound,2025-11-10 12:10:30.472837,235.0,131.0,398.0,347.0
14811,1,CAM001,121,0.7747064232826233,5355,True,4cf6c32a-9164-424b-950e-2ca11f695664,Eastbound,2025-11-10 12:10:29.458573,237.0,131.0,393.0,347.0
14810,1,CAM001,121,0.806451141834259,5350,True,4cf6c32a-9164-424b-950e-2ca11f695664,Eastbound,2025-11-10 12:10:28.449980,239.0,127.0,393.0,353.0
14809,1,CAM001,121,0.7591696381568909,5345,True,4cf6c32a-9164-424b-950e-2ca11f695664,Eastbound,2025-11-10 12:10:27.389855,251.0,131.0,380.0,347.0
14808,1,CAM001,120,0.8,5250,True,4cf6c32a-9164-424b-950e-2ca11f695664,Eastbound,2025-11-10 12:10:08.134291,252.0,136.0,386.0,343.0
14807,1,CAM001,120,0.7674123048782349,5245,True,4cf6c32a-9164-424b-950e-2ca11f695664,Eastbound,2025-11-10 12:10:07.145221,237.0,128.0,397.0,351.0
14806,1,CAM001,120,0.797796905040741,5240,True,4cf6c32a-9164-424b-950e-2ca11f695664,Eastbound,2025-11-10 12:10:06.230023,239.0,130.0,397.0,349.0
14805,2,CAM001,119,0.8179816603660583,5210,True,4cf6c32a-9164-424b-950e-2ca11f695664,Eastbound,2025-11-10 12:10:00.953242,296.0,129.0,298.0,350.0
14804,2,CAM001,119,0.7618611454963684,5205,True,4cf6c32a-9164-424b-950e-2ca11f695664,Eastbound,2025-11-10 12:09:59.996770,308.0,119.0,268.0,361.0
14803,2,CAM001,119,0.8862959146499634,5200,True,4cf6c32a-9164-424b-950e-2ca11f695664,Eastbound,2025-11-10 12:09:59.038292,424.0,150.0,216.0,325.0
14802,1,CAM001,117,0.8,5155,True,4cf6c32a-9164-424b-950e-2ca11f695664,Eastbound,2025-11-10 12:09:50.908040,214.0,129.0,425.0,349.0
14801,1,CAM001,117,0.7592564225196838,5150,True,4cf6c32a-9164-424b-950e-2ca11f695664,Eastbound,2025-11-10 12:09:49.893002,210.0,119.0,443.0,360.0
14800,1,CAM001,115,0.7865604758262634,5030,True,4cf6c32a-9164-424b-950e-2ca11f695664,Eastbound,2025-11-10 12:09:28.992928,236.0,124.0,399.0,356.0
14799,1,CAM001,113,0.7442516684532166,4950,True,4cf6c32a-9164-424b-950e-2ca11f695664,Eastbound,2025-11-10 12:09:14.304345,326.0,114.0,351.0,363.0
14798,1,CAM001,113,0.8505153059959412,4945,True,4cf6c32a-9164-424b-950e-2ca11f695664,Eastbound,2025-11-10 12:09:13.257983,284.0,131.0,353.0,349.0
14797,1,CAM001,113,0.8476715087890625,4940,True,4cf6c32a-9164-424b-950e-2ca11f695664,Eastbound,2025-11-10 12:09:12.248657,283.0,128.0,355.0,352.0
14796,1,CAM001,113,0.8667259812355042,4935,True,4cf6c32a-9164-424b-950e-2ca11f695664,Eastbound,2025-11-10 12:09:11.107662,284.0,129.0,353.0,351.0
14795,1,CAM001,113,0.854044497013092,4930,True,4cf6c32a-9164-424b-950e-2ca11f695664,Eastbound,2025-11-10 12:09:10.187869,283.0,129.0,352.0,351.0
14794,1,CAM001,113,0.8537960052490234,4925,True,4cf6c32a-9164-424b-950e-2ca11f695664,Eastbound,2025-11-10 12:09:09.211124,288.0,130.0,348.0,350.0
14793,1,CAM001,113,0.8577613830566406,4920,True,4cf6c32a-9164-424b-950e-2ca11f695664,Eastbound,2025-11-10 12:09:08.178175,289.0,128.0,348.0,352.0
14792,1,CAM001,113,0.920132040977478,4915,True,4cf6c32a-9164-424b-950e-2ca11f695664,Eastbound,2025-11-10 12:09:07.231733,289.0,125.0,352.0,355.0
14791,1,CAM001,113,0.9247658252716064,4910,True,4cf6c32a-9164-424b-950e-2ca11f695664,Eastbound,2025-11-10 12:09:06.179276,290.0,129.0,351.0,351.0
14790,1,CAM001,113,0.928295910358429,4905,True,4cf6c32a-9164-424b-950e-2ca11f695664,Eastbound,2025-11-10 12:09:05.109049,286.0,126.0,357.0,354.0
14789,1,CAM001,113,0.8316247463226318,4900,True,4cf6c32a-9164-424b-950e-2ca11f695664,Eastbound,2025-11-10 12:09:04.080879,279.0,131.0,353.0,349.0
14788,1,CAM001,113,0.8406473994255066,4895,True,4cf6c32a-9164-424b-950e-2ca11f695664,Eastbound,2025-11-10 12:09:03.081043,284.0,128.0,349.0,352.0
14787,1,CAM001,113,0.929069459438324,4890,True,4cf6c32a-9164-424b-950e-2ca11f695664,Eastbound,2025-11-10 12:09:02.072866,290.0,125.0,350.0,355.0
14786,1,CAM001,113,0.9236571192741394,4885,True,4cf6c32a-9164-424b-950e-2ca11f695664,Eastbound,2025-11-10 12:09:01.126247,288.0,123.0,353.0,357.0
14785,1,CAM001,113,0.9184748530387878,4880,True,4cf6c32a-9164-424b-950e-2ca11f695664,Eastbound,2025-11-10 12:08:59.993744,291.0,130.0,350.0,350.0
14784,1,CAM001,113,0.9186111092567444,4875,True,4cf6c32a-9164-424b-950e-2ca11f695664,Eastbound,2025-11-10 12:08:58.864330,291.0,132.0,351.0,348.0
14783,1,CAM001,113,0.9204589128494263,4870,True,4cf6c32a-9164-424b-950e-2ca11f695664,Eastbound,2025-11-10 12:08:57.709752,291.0,137.0,350.0,342.0
14782,1,CAM001,113,0.8570164442062378,4865,True,4cf6c32a-9164-424b-950e-2ca11f695664,Eastbound,2025-11-10 12:08:56.558811,284.0,133.0,358.0,347.0
14781,1,CAM001,113,0.8460097312927246,4860,True,4cf6c32a-9164-424b-950e-2ca11f695664,Eastbound,2025-11-10 12:08:55.438886,278.0,132.0,361.0,348.0
14780,1,CAM001,113,0.8510246872901917,4855,True,4cf6c32a-9164-424b-950e-2ca11f695664,Eastbound,2025-11-10 12:08:54.539012,279.0,130.0,364.0,349.0
14779,1,CAM001,113,0.8492754697799683,4850,True,4cf6c32a-9164-424b-950e-2ca11f695664,Eastbound,2025-11-10 12:08:53.493422,274.0,130.0,367.0,348.0
14778,1,CAM001,113,0.8281840085983276,4845,True,4cf6c32a-9164-424b-950e-2ca11f695664,Eastbound,2025-11-10 12:08:52.513738,264.0,128.0,371.0,352.0
14777,1,CAM001,113,0.90006023645401,4840,True,4cf6c32a-9164-424b-950e-2ca11f695664,Eastbound,2025-11-10 12:08:51.483375,279.0,135.0,357.0,344.0
14776,1,CAM001,113,0.9068484306335449,4835,True,4cf6c32a-9164-424b-950e-2ca11f695664,Eastbound,2025-11-10 12:08:50.509840,278.0,130.0,361.0,349.0
14775,1,CAM001,113,0.8917917609214783,4830,True,4cf6c32a-9164-424b-950e-2ca11f695664,Eastbound,2025-11-10 12:08:49.564798,274.0,123.0,367.0,357.0
14774,1,CAM001,110,0.8,4815,True,4cf6c32a-9164-424b-950e-2ca11f695664,Eastbound,2025-11-10 12:08:46.914273,266.0,143.0,363.0,337.0
14773,1,CAM001,110,0.8451114892959595,4810,True,4cf6c32a-9164-424b-950e-2ca11f695664,Eastbound,2025-11-10 12:08:45.993484,261.0,121.0,380.0,359.0
14772,1,CAM001,110,0.8260861039161682,4805,True,4cf6c32a-9164-424b-950e-2ca11f695664,Eastbound,2025-11-10 12:08:44.990858,268.0,133.0,369.0,346.0
14771,1,CAM001,110,0.7016420960426331,4800,True,4cf6c32a-9164-424b-950e-2ca11f695664,Eastbound,2025-11-10 12:08:43.950772,265.0,141.0,358.0,338.0
14770,1,CAM001,107,0.7947714924812317,4740,True,4cf6c32a-9164-424b-950e-2ca11f695664,Eastbound,2025-11-10 12:08:33.358186,233.0,120.0,405.0,360.0
14769,1,CAM001,106,0.8,4670,True,4cf6c32a-9164-424b-950e-2ca11f695664,Eastbound,2025-11-10 12:08:20.906690,216.0,123.0,420.0,356.0
14768,1,CAM001,106,0.8006048798561096,4665,True,4cf6c32a-9164-424b-950e-2ca11f695664,Eastbound,2025-11-10 12:08:19.924740,238.0,131.0,416.0,349.0
14767,2,CAM001,99,0.8,4510,True,4cf6c32a-9164-424b-950e-2ca11f695664,Eastbound,2025-11-10 12:07:53.304456,357.0,144.0,274.0,318.0
14766,1,CAM001,93,0.8,4410,True,4cf6c32a-9164-424b-950e-2ca11f695664,Eastbound,2025-11-10 12:07:35.649874,233.0,124.0,404.0,356.0
14765,1,CAM001,93,0.7683247327804565,4405,True,4cf6c32a-9164-424b-950e-2ca11f695664,Eastbound,2025-11-10 12:07:34.676608,231.0,124.0,402.0,355.0
14764,1,CAM001,88,0.8,4190,True,4cf6c32a-9164-424b-950e-2ca11f695664,Eastbound,2025-11-10 12:06:56.994821,250.0,109.0,395.0,371.0
14763,1,CAM001,88,0.8542906641960144,4185,True,4cf6c32a-9164-424b-950e-2ca11f695664,Eastbound,2025-11-10 12:06:55.926247,257.0,126.0,379.0,354.0
14762,1,CAM001,88,0.8488459587097168,4180,True,4cf6c32a-9164-424b-950e-2ca11f695664,Eastbound,2025-11-10 12:06:54.845524,261.0,129.0,373.0,351.0
14761,1,CAM001,88,0.854749858379364,4175,True,4cf6c32a-9164-424b-950e-2ca11f695664,Eastbound,2025-11-10 12:06:53.811812,258.0,123.0,374.0,357.0
14760,1,CAM001,88,0.8450959324836731,4170,True,4cf6c32a-9164-424b-950e-2ca11f695664,Eastbound,2025-11-10 12:06:52.777528,270.0,128.0,359.0,352.0
14759,1,CAM001,88,0.850177526473999,4165,True,4cf6c32a-9164-424b-950e-2ca11f695664,Eastbound,2025-11-10 12:06:51.722757,274.0,115.0,365.0,365.0
14758,1,CAM001,88,0.8730295896530151,4160,True,4cf6c32a-9164-424b-950e-2ca11f695664,Eastbound,2025-11-10 12:06:50.657634,273.0,111.0,371.0,369.0
14757,1,CAM001,88,0.8595033288002014,4155,True,4cf6c32a-9164-424b-950e-2ca11f695664,Eastbound,2025-11-10 12:06:49.618238,274.0,116.0,370.0,364.0
14756,1,CAM001,88,0.8273757696151733,4150,True,4cf6c32a-9164-424b-950e-2ca11f695664,Eastbound,2025-11-10 12:06:48.564940,276.0,123.0,366.0,357.0
14755,1,CAM001,88,0.8409448862075806,4145,True,4cf6c32a-9164-424b-950e-2ca11f695664,Eastbound,2025-11-10 12:06:47.493187,273.0,123.0,369.0,357.0
14754,1,CAM001,88,0.8238537907600403,4140,True,4cf6c32a-9164-424b-950e-2ca11f695664,Eastbound,2025-11-10 12:06:46.443494,257.0,116.0,380.0,364.0
14753,1,CAM001,88,0.8703763484954834,4135,True,4cf6c32a-9164-424b-950e-2ca11f695664,Eastbound,2025-11-10 12:06:45.376460,256.0,110.0,384.0,370.0
14752,1,CAM001,88,0.8736780881881714,4130,True,4cf6c32a-9164-424b-950e-2ca11f695664,Eastbound,2025-11-10 12:06:44.351484,257.0,109.0,385.0,371.0
14751,1,CAM001,88,0.8549275994300842,4125,True,4cf6c32a-9164-424b-950e-2ca11f695664,Eastbound,2025-11-10 12:06:43.292987,254.0,110.0,385.0,370.0
14750,1,CAM001,88,0.8402012586593628,4120,True,4cf6c32a-9164-424b-950e-2ca11f695664,Eastbound,2025-11-10 12:06:42.259048,256.0,112.0,384.0,368.0
14749,1,CAM001,88,0.8404711484909058,4115,True,4cf6c32a-9164-424b-950e-2ca11f695664,Eastbound,2025-11-10 12:06:41.199516,259.0,113.0,384.0,367.0
14748,1,CAM001,88,0.8321563005447388,4110,True,4cf6c32a-9164-424b-950e-2ca11f695664,Eastbound,2025-11-10 12:06:40.163703,252.0,114.0,385.0,366.0
14747,1,CAM001,88,0.830279529094696,4105,True,4cf6c32a-9164-424b-950e-2ca11f695664,Eastbound,2025-11-10 12:06:38.996321,256.0,114.0,383.0,366.0
14746,1,CAM001,88,0.8349533081054688,4100,True,4cf6c32a-9164-424b-950e-2ca11f695664,Eastbound,2025-11-10 12:06:37.838613,257.0,115.0,380.0,365.0
14745,1,CAM001,88,0.8348028063774109,4095,True,4cf6c32a-9164-424b-950e-2ca11f695664,Eastbound,2025-11-10 12:06:36.784066,253.0,112.0,385.0,368.0
14744,1,CAM001,88,0.8372766971588135,4090,True,4cf6c32a-9164-424b-950e-2ca11f695664,Eastbound,2025-11-10 12:06:35.717029,256.0,114.0,381.0,366.0
14743,1,CAM001,88,0.8533335328102112,4085,True,4cf6c32a-9164-424b-950e-2ca11f695664,Eastbound,2025-11-10 12:06:34.679173,260.0,115.0,377.0,365.0
14742,1,CAM001,88,0.8634197115898132,4080,True,4cf6c32a-9164-424b-950e-2ca11f695664,Eastbound,2025-11-10 12:06:33.732352,260.0,111.0,378.0,369.0
14741,1,CAM001,88,0.8455657362937927,4075,True,4cf6c32a-9164-424b-950e-2ca11f695664,Eastbound,2025-11-10 12:06:32.696455,262.0,110.0,378.0,370.0
14740,1,CAM001,88,0.8533399105072021,4070,True,4cf6c32a-9164-424b-950e-2ca11f695664,Eastbound,2025-11-10 12:06:31.613785,261.0,112.0,378.0,368.0
14739,1,CAM001,88,0.840324878692627,4065,True,4cf6c32a-9164-424b-950e-2ca11f695664,Eastbound,2025-11-10 12:06:30.597175,263.0,116.0,373.0,364.0
14738,1,CAM001,88,0.8685675263404846,4060,True,4cf6c32a-9164-424b-950e-2ca11f695664,Eastbound,2025-11-10 12:06:29.568788,268.0,118.0,367.0,362.0
14737,1,CAM001,88,0.8611723780632019,4055,True,4cf6c32a-9164-424b-950e-2ca11f695664,Eastbound,2025-11-10 12:06:28.563259,264.0,109.0,374.0,371.0
14736,1,CAM001,88,0.8482344746589661,4050,True,4cf6c32a-9164-424b-950e-2ca11f695664,Eastbound,2025-11-10 12:06:27.494951,266.0,112.0,369.0,368.0
14735,1,CAM001,88,0.8522560596466064,4045,True,4cf6c32a-9164-424b-950e-2ca11f695664,Eastbound,2025-11-10 12:06:26.448657,266.0,111.0,364.0,369.0
14734,1,CAM001,88,0.8549486994743347,4040,True,4cf6c32a-9164-424b-950e-2ca11f695664,Eastbound,2025-11-10 12:06:25.378379,272.0,112.0,354.0,368.0
14733,1,CAM001,88,0.9217016696929932,4035,True,4cf6c32a-9164-424b-950e-2ca11f695664,Eastbound,2025-11-10 12:06:24.322072,299.0,112.0,340.0,367.0
14732,1,CAM001,88,0.9318673014640808,4030,True,4cf6c32a-9164-424b-950e-2ca11f695664,Eastbound,2025-11-10 12:06:23.248030,300.0,111.0,339.0,367.0
14731,1,CAM001,88,0.9249607920646667,4025,True,4cf6c32a-9164-424b-950e-2ca11f695664,Eastbound,2025-11-10 12:06:22.106907,301.0,113.0,339.0,367.0
14730,2,CAM001,85,0.8,3985,True,4cf6c32a-9164-424b-950e-2ca11f695664,Eastbound,2025-11-10 12:06:15.031587,112.0,122.0,383.0,357.0
14729,2,CAM001,85,0.8,3980,True,4cf6c32a-9164-424b-950e-2ca11f695664,Eastbound,2025-11-10 12:06:14.287156,212.0,186.0,312.0,294.0
14728,2,CAM001,83,0.8500766158103943,3925,True,4cf6c32a-9164-424b-950e-2ca11f695664,Eastbound,2025-11-10 12:06:03.664284,293.0,126.0,344.0,354.0
14727,1,CAM001,81,0.8,3900,True,4cf6c32a-9164-424b-950e-2ca11f695664,Eastbound,2025-11-10 12:05:59.284554,372.0,126.0,326.0,352.0
14726,1,CAM001,81,0.8257042169570923,3895,True,4cf6c32a-9164-424b-950e-2ca11f695664,Eastbound,2025-11-10 12:05:58.359517,336.0,124.0,350.0,354.0
14725,1,CAM001,81,0.8,3890,True,4cf6c32a-9164-424b-950e-2ca11f695664,Eastbound,2025-11-10 12:05:57.377904,280.0,127.0,382.0,353.0
14724,1,CAM001,81,0.9104841351509094,3885,True,4cf6c32a-9164-424b-950e-2ca11f695664,Eastbound,2025-11-10 12:05:56.314922,281.0,140.0,376.0,340.0
14723,1,CAM001,81,0.8,3875,True,4cf6c32a-9164-424b-950e-2ca11f695664,Eastbound,2025-11-10 12:05:54.560019,280.0,182.0,354.0,297.0
14722,1,CAM001,81,0.7165101170539856,3870,True,4cf6c32a-9164-424b-950e-2ca11f695664,Eastbound,2025-11-10 12:05:53.530168,275.0,158.0,378.0,320.0
14721,1,CAM001,81,0.8,3865,True,4cf6c32a-9164-424b-950e-2ca11f695664,Eastbound,2025-11-10 12:05:52.526079,280.0,187.0,356.0,292.0
14720,1,CAM001,81,0.7009139657020569,3855,True,4cf6c32a-9164-424b-950e-2ca11f695664,Eastbound,2025-11-10 12:05:50.853384,249.0,162.0,388.0,317.0
14719,1,CAM001,81,0.8,3850,True,4cf6c32a-9164-424b-950e-2ca11f695664,Eastbound,2025-11-10 12:05:49.970532,284.0,190.0,355.0,290.0
14718,1,CAM001,81,0.8,3835,True,4cf6c32a-9164-424b-950e-2ca11f695664,Eastbound,2025-11-10 12:05:47.315533,254.0,160.0,380.0,320.0
14717,1,CAM001,81,0.7159326076507568,3830,True,4cf6c32a-9164-424b-950e-2ca11f695664,Eastbound,2025-11-10 12:05:46.394218,262.0,164.0,375.0,315.0
14716,1,CAM001,81,0.8756120800971985,3820,True,4cf6c32a-9164-424b-950e-2ca11f695664,Eastbound,2025-11-10 12:05:44.721879,295.0,176.0,361.0,303.0
14715,1,CAM001,81,0.8356872797012329,3815,True,4cf6c32a-9164-424b-950e-2ca11f695664,Eastbound,2025-11-10 12:05:43.678833,301.0,196.0,346.0,283.0
14714,1,CAM001,80,0.7868438959121704,3790,True,4cf6c32a-9164-424b-950e-2ca11f695664,Eastbound,2025-11-10 12:05:39.171305,245.0,144.0,396.0,335.0
14713,1,CAM001,80,0.7642549276351929,3785,True,4cf6c32a-9164-424b-950e-2ca11f695664,Eastbound,2025-11-10 12:05:38.157407,247.0,140.0,403.0,340.0
14712,1,CAM001,78,0.8,3770,True,4cf6c32a-9164-424b-950e-2ca11f695664,Eastbound,2025-11-10 12:05:35.790641,191.0,153.0,572.0,326.0
14711,1,CAM001,77,0.8,3750,True,4cf6c32a-9164-424b-950e-2ca11f695664,Eastbound,2025-11-10 12:05:32.051946,256.0,162.0,370.0,318.0
14710,1,CAM001,77,0.7876861691474915,3745,True,4cf6c32a-9164-424b-950e-2ca11f695664,Eastbound,2025-11-10 12:05:31.052525,253.0,145.0,386.0,335.0
14709,1,CAM001,77,0.786617636680603,3740,True,4cf6c32a-9164-424b-950e-2ca11f695664,Eastbound,2025-11-10 12:05:29.974537,257.0,157.0,372.0,323.0
14708,1,CAM001,76,0.8,3720,True,4cf6c32a-9164-424b-950e-2ca11f695664,Eastbound,2025-11-10 12:05:26.436563,217.0,144.0,329.0,334.0
14707,1,CAM001,76,0.7396883368492126,3715,True,4cf6c32a-9164-424b-950e-2ca11f695664,Eastbound,2025-11-10 12:05:25.437072,275.0,141.0,327.0,338.0
14706,1,CAM001,75,0.8,3700,True,4cf6c32a-9164-424b-950e-2ca11f695664,Eastbound,2025-11-10 12:05:22.569917,271.0,130.0,400.0,348.0
14705,1,CAM001,75,0.7507832646369934,3695,True,4cf6c32a-9164-424b-950e-2ca11f695664,Eastbound,2025-11-10 12:05:21.298098,239.0,142.0,395.0,337.0
14704,1,CAM001,75,0.8212521076202393,3690,True,4cf6c32a-9164-424b-950e-2ca11f695664,Eastbound,2025-11-10 12:05:20.295731,242.0,141.0,400.0,338.0
14703,1,CAM001,75,0.8354002237319946,3685,True,4cf6c32a-9164-424b-950e-2ca11f695664,Eastbound,2025-11-10 12:05:19.374628,233.0,146.0,399.0,332.0
14702,1,CAM001,75,0.8106619119644165,3680,True,4cf6c32a-9164-424b-950e-2ca11f695664,Eastbound,2025-11-10 12:05:18.214347,253.0,167.0,376.0,313.0
14701,1,CAM001,71,0.7922298312187195,3615,True,4cf6c32a-9164-424b-950e-2ca11f695664,Eastbound,2025-11-10 12:05:06.058870,228.0,141.0,410.0,338.0
14700,1,CAM001,71,0.7759748697280884,3610,True,4cf6c32a-9164-424b-950e-2ca11f695664,Eastbound,2025-11-10 12:05:04.868309,224.0,143.0,409.0,336.0
14699,1,CAM001,71,0.7961968779563904,3605,True,4cf6c32a-9164-424b-950e-2ca11f695664,Eastbound,2025-11-10 12:05:03.786450,223.0,141.0,411.0,339.0
14698,1,CAM001,71,0.7629720568656921,3600,True,4cf6c32a-9164-424b-950e-2ca11f695664,Eastbound,2025-11-10 12:05:02.346331,224.0,142.0,411.0,337.0
14697,1,CAM001,71,0.7854987382888794,3595,True,4cf6c32a-9164-424b-950e-2ca11f695664,Eastbound,2025-11-10 12:05:01.234452,223.0,141.0,414.0,337.0
14696,1,CAM001,71,0.8283732533454895,3590,True,4cf6c32a-9164-424b-950e-2ca11f695664,Eastbound,2025-11-10 12:05:00.172291,237.0,156.0,399.0,323.0
14695,1,CAM001,64,0.8,3395,True,4cf6c32a-9164-424b-950e-2ca11f695664,Eastbound,2025-11-10 12:04:22.650124,243.0,149.0,353.0,330.0
14694,1,CAM001,64,0.7500202059745789,3390,True,4cf6c32a-9164-424b-950e-2ca11f695664,Eastbound,2025-11-10 12:04:21.625190,267.0,146.0,348.0,332.0
14693,1,CAM001,64,0.8281986713409424,3385,True,4cf6c32a-9164-424b-950e-2ca11f695664,Eastbound,2025-11-10 12:04:20.526036,298.0,138.0,332.0,341.0
14692,1,CAM001,64,0.8554107546806335,3380,True,4cf6c32a-9164-424b-950e-2ca11f695664,Eastbound,2025-11-10 12:04:19.504746,307.0,143.0,321.0,337.0
14691,1,CAM001,60,0.8,3305,True,4cf6c32a-9164-424b-950e-2ca11f695664,Eastbound,2025-11-10 12:04:04.688776,241.0,141.0,280.0,337.0
14690,1,CAM001,55,0.8,3195,True,4cf6c32a-9164-424b-950e-2ca11f695664,Eastbound,2025-11-10 12:03:44.061521,232.0,140.0,384.0,338.0
14689,2,CAM001,54,0.8,3160,True,4cf6c32a-9164-424b-950e-2ca11f695664,Zone 1,2025-11-10 12:03:37.718145,247.0,123.0,358.0,360.0
14688,2,CAM001,54,0.7845108509063721,3155,True,4cf6c32a-9164-424b-950e-2ca11f695664,Zone 1,2025-11-10 12:03:36.655419,328.0,153.0,314.0,322.0
14687,1,CAM001,52,0.8,3140,True,4cf6c32a-9164-424b-950e-2ca11f695664,Zone 1,2025-11-10 12:03:33.948128,224.0,143.0,381.0,337.0
14686,1,CAM001,52,0.8,3135,True,4cf6c32a-9164-424b-950e-2ca11f695664,Zone 1,2025-11-10 12:03:33.019364,244.0,139.0,388.0,340.0
